"linea_csv","codigo","descripcion","departamento","existencia","precio_1","moneda","iva","unidad","tipo_origen","conflictos","recomendacion"
"8","0","PIZZA PARA CANTINA BANDEJA","10601-FABRICACION DE PRODUCTOS DE PANADERIA","-5","15.150,81","USD $","IVA1","UNI","Producto","codigo_duplicado|existencia_negativa","revisar_antes_de_importar"
"9","1","PAN DE BANQUETE 10 UNIDADES","10601-FABRICACION DE PRODUCTOS DE PANADERIA","-124","1.893,85","USD $","EXENTO","UNI","Producto","codigo_duplicado|existencia_negativa","revisar_antes_de_importar"
"10","1","PAN CAMPESINO","10601-FABRICACION DE PRODUCTOS DE PANADERIA","-42037","757,54","USD $","EXENTO","UNI","Producto","codigo_duplicado|existencia_negativa","revisar_antes_de_importar"
"11","2","PAN DE MANTEQUILLA","10601-FABRICACION DE PRODUCTOS DE PANADERIA","-2428","757,54","USD $","EXENTO","UNI","Producto","codigo_duplicado|existencia_negativa","revisar_antes_de_importar"
"12","3","BOLO DE REY PEQUEÑO 500 GR","10601-FABRICACION DE PRODUCTOS DE PANADERIA","-32","4.545,24","USD $","IVA1","UNI","Producto","codigo_duplicado|existencia_negativa","revisar_antes_de_importar"
"13","3","PAN DE MANTEQUILLA PEQUEÑO","10601-FABRICACION DE PRODUCTOS DE PANADERIA","0","1","Bs.","EXENTO","UNI","Producto","codigo_duplicado","revisar_antes_de_importar"
"14","4","BOLO DE REY GRANDE DE 1 KL","10601-FABRICACION DE PRODUCTOS DE PANADERIA","-18","5.681,55","USD $","IVA1","UNI","Producto","codigo_duplicado|existencia_negativa","revisar_antes_de_importar"
"15","4","PAN FRANCES","10601-FABRICACION DE PRODUCTOS DE PANADERIA","-2396","98,48","USD $","EXENTO","UNI","Producto","codigo_duplicado|existencia_negativa","revisar_antes_de_importar"
"16","5","PAN CANILLA","10601-FABRICACION DE PRODUCTOS DE PANADERIA","-4213","378,77","USD $","EXENTO","UNI","Producto","codigo_duplicado|existencia_negativa","revisar_antes_de_importar"
"17","5","CANILLON","10601-FABRICACION DE PRODUCTOS DE PANADERIA","-51","1.515,08","USD $","EXENTO","UNI","Producto","codigo_duplicado|existencia_negativa","revisar_antes_de_importar"
"18","6","PAN PROTE","10601-FABRICACION DE PRODUCTOS DE PANADERIA","-315","1.931,73","USD $","EXENTO","UNI","Producto","codigo_duplicado|existencia_negativa","revisar_antes_de_importar"
"19","6","DULCES SECOS LARGOS DECORADOS","10601-FABRICACION DE PRODUCTOS DE PANADERIA","-5","7.575,41","USD $","IVA1","UNI","Producto","codigo_duplicado|existencia_negativa","revisar_antes_de_importar"
"20","7","PAN SANDWICH PEQUEÑO","10601-FABRICACION DE PRODUCTOS DE PANADERIA","-290","2.265,05","USD $","EXENTO","UNI","Producto","codigo_duplicado|existencia_negativa","revisar_antes_de_importar"
"21","7","PAI REDONDO GRANDE","10601-FABRICACION DE PRODUCTOS DE PANADERIA","-6","7.196,64","USD $","IVA1","UNI","Producto","codigo_duplicado|existencia_negativa","revisar_antes_de_importar"
"22","8","ROSCAS Y CORAZONES DE FRUTAS","10601-FABRICACION DE PRODUCTOS DE PANADERIA","-8","2.651,39","USD $","IVA1","UNI","Producto","codigo_duplicado|existencia_negativa","revisar_antes_de_importar"
"23","8","PAN SANDWICH GRANDE","10601-FABRICACION DE PRODUCTOS DE PANADERIA","-965","3.022,59","USD $","EXENTO","UNI","Producto","codigo_duplicado|existencia_negativa","revisar_antes_de_importar"
"24","9","PAN INTEGRAL","10601-FABRICACION DE PRODUCTOS DE PANADERIA","-1276","2.272,62","USD $","EXENTO","UNI","Producto","codigo_duplicado|existencia_negativa","revisar_antes_de_importar"
"25","10","PAN DE JAMON CON QUESO Y JAMON DE PAVO GRANDE","10601-FABRICACION DE PRODUCTOS DE PANADERIA","0","18.938,52","USD $","IVA1","UNI","Producto","codigo_duplicado","revisar_antes_de_importar"
"26","10","PAN PROTE PEQUEÑO","10601-FABRICACION DE PRODUCTOS DE PANADERIA","-10","757,54","USD $","EXENTO","UNI","Producto","codigo_duplicado|existencia_negativa","revisar_antes_de_importar"
"27","10","PAN DE HAMBURGUESA","10601-FABRICACION DE PRODUCTOS DE PANADERIA","-712","2.272,62","USD $","EXENTO","UNI","Producto","codigo_duplicado|existencia_negativa","revisar_antes_de_importar"
"28","11","PAN DE PERRO","10601-FABRICACION DE PRODUCTOS DE PANADERIA","-633","2.272,62","USD $","EXENTO","UNI","Producto","codigo_duplicado|existencia_negativa","revisar_antes_de_importar"
"29","12","PAN ANDINO","10601-FABRICACION DE PRODUCTOS DE PANADERIA","-833","1.780,22","USD $","EXENTO","UNI","Producto","codigo_duplicado|existencia_negativa","revisar_antes_de_importar"
"30","13","PAN CON TOCINETA GRANDE","10601-FABRICACION DE PRODUCTOS DE PANADERIA","-1588","3.333,18","USD $","EXENTO","UNI","Producto","codigo_duplicado|existencia_negativa","revisar_antes_de_importar"
"31","13","PAN DE GUAYABA CON QUESO GRANDE","10601-FABRICACION DE PRODUCTOS DE PANADERIA","-469","3.333,18","USD $","IVA1","UNI","Producto","codigo_duplicado|existencia_negativa","revisar_antes_de_importar"
"32","13","CACHITOS JAMON CON QUESO  CREMA","10601-FABRICACION DE PRODUCTOS DE PANADERIA","-3799","1.363,57","USD $","IVA1","UNI","Producto","codigo_duplicado|existencia_negativa","revisar_antes_de_importar"
"33","14","PAN DE GUAYABA GRANDE","10601-FABRICACION DE PRODUCTOS DE PANADERIA","-571","2.840,78","USD $","IVA1","UNI","Producto","codigo_duplicado|existencia_negativa","revisar_antes_de_importar"
"34","14","PAN CON TOCINETA PEQUEÑO","10601-FABRICACION DE PRODUCTOS DE PANADERIA","-4327","1.212,06","USD $","IVA1","UNI","Producto","codigo_duplicado|existencia_negativa","revisar_antes_de_importar"
"35","15","PAN DE FRUTAS GRANDE","10601-FABRICACION DE PRODUCTOS DE PANADERIA","-498","2.840,78","USD $","IVA1","UNI","Producto","codigo_duplicado|existencia_negativa","revisar_antes_de_importar"
"36","16","PAN DE QUESO GRANDE","10601-FABRICACION DE PRODUCTOS DE PANADERIA","-7597433615","2.840,78","USD $","EXENTO","UNI","Producto","codigo_duplicado|existencia_negativa","revisar_antes_de_importar"
"37","16","PAN DE AREQUIPE CON QUESO GRANDE","10601-FABRICACION DE PRODUCTOS DE PANADERIA","0","75","Bs.","IVA1","UNI","Producto","codigo_duplicado","revisar_antes_de_importar"
"38","17","PAN DE AREQUIPE CON QUESO PEQUEÑO","10601-FABRICACION DE PRODUCTOS DE PANADERIA","0","26","Bs.","IVA1","UNI","Producto","codigo_duplicado","revisar_antes_de_importar"
"39","17","PAN DE GUAYABA PEQUEÑO","10601-FABRICACION DE PRODUCTOS DE PANADERIA","-1372","946,93","USD $","IVA1","UNI","Producto","codigo_duplicado|existencia_negativa","revisar_antes_de_importar"
"40","18","PAN DE BANQUETE 20 UNDS.","10601-FABRICACION DE PRODUCTOS DE PANADERIA","-56","3.787,70","USD $","EXENTO","UNI","Producto","codigo_duplicado|existencia_negativa","revisar_antes_de_importar"
"41","18","PAN DE CHOCOLATE GRANDE","10601-FABRICACION DE PRODUCTOS DE PANADERIA","0","88","Bs.","IVA1","UNI","Producto","codigo_duplicado","revisar_antes_de_importar"
"42","19","COMBO DE 10 MINI PANES DE AREQUIPE","10601-FABRICACION DE PRODUCTOS DE PANADERIA","0","901,47","USD $","IVA1","UNI","Producto","codigo_duplicado","revisar_antes_de_importar"
"43","19","PAN DE ACEMITA","10601-FABRICACION DE PRODUCTOS DE PANADERIA","-2681","757,54","USD $","IVA1","UNI","Producto","codigo_duplicado|existencia_negativa","revisar_antes_de_importar"
"44","20","PAN DE COCO","10601-FABRICACION DE PRODUCTOS DE PANADERIA","593","159,08","USD $","IVA1","UNI","Producto","codigo_duplicado","revisar_antes_de_importar"
"45","20","PIZZA  ROMANA DE 1KL","10601-FABRICACION DE PRODUCTOS DE PANADERIA","-9","5.681,55","USD $","IVA1","UNI","Producto","codigo_duplicado|existencia_negativa","revisar_antes_de_importar"
"46","21","PIZZA ROMANA DE 500 GR","10601-FABRICACION DE PRODUCTOS DE PANADERIA","-19","4.545,24","USD $","IVA1","UNI","Producto","codigo_duplicado|existencia_negativa","revisar_antes_de_importar"
"47","21","PAN DE CHOCOLATE PEQUEÑO","10601-FABRICACION DE PRODUCTOS DE PANADERIA","-1","1.363,57","USD $","IVA1","UNI","Producto","codigo_duplicado|existencia_negativa","revisar_antes_de_importar"
"48","22","COMBO DE 8 MINI PANES DE AREQUIPE CON QUESO","10601-FABRICACION DE PRODUCTOS DE PANADERIA","0","901,47","USD $","IVA1","UNI","Producto","codigo_duplicado","revisar_antes_de_importar"
"49","22","PAN DE QUESO PEQUEÑO","10601-FABRICACION DE PRODUCTOS DE PANADERIA","-1191","939,35","USD $","IVA1","UNI","Producto","codigo_duplicado|existencia_negativa","revisar_antes_de_importar"
"50","23","PIÑITAS","10601-FABRICACION DE PRODUCTOS DE PANADERIA","211","106,06","USD $","EXENTO","UNI","Producto","codigo_duplicado","revisar_antes_de_importar"
"51","24","COMBO DE 8 MINI PANES DE CHOCOLATE","10601-FABRICACION DE PRODUCTOS DE PANADERIA","0","901,47","USD $","IVA1","UNI","Producto","codigo_duplicado","revisar_antes_de_importar"
"52","24","PAN AMBROSIAS","10601-FABRICACION DE PRODUCTOS DE PANADERIA","-1922","757,54","USD $","IVA1","UNI","Producto","codigo_duplicado|existencia_negativa","revisar_antes_de_importar"
"53","25","POLLO RELLENO","","0","18.938,52","USD $","IVA1","KG","Producto","codigo_duplicado|departamento_vacio","revisar_antes_de_importar"
"54","25","PANQUE GRANDE","10601-FABRICACION DE PRODUCTOS DE PANADERIA","-370","4.999,77","USD $","IVA1","UNI","Producto","codigo_duplicado|existencia_negativa","revisar_antes_de_importar"
"55","26","PANQUE UNGARO","10601-FABRICACION DE PRODUCTOS DE PANADERIA","-237","4.166,47","USD $","IVA1","UNI","Producto","codigo_duplicado|existencia_negativa","revisar_antes_de_importar"
"56","27","PANQUE (PORCION)","10601-FABRICACION DE PRODUCTOS DE PANADERIA","-346","757,54","USD $","IVA1","UNI","Producto","codigo_duplicado|existencia_negativa","revisar_antes_de_importar"
"57","28","PAN DE AJO","10601-FABRICACION DE PRODUCTOS DE PANADERIA","0","2.272,62","USD $","IVA1","UNI","Producto","codigo_duplicado","revisar_antes_de_importar"
"58","29","TOSTADITAS PASTA DE ATUN","10601-FABRICACION DE PRODUCTOS DE PANADERIA","-14","795,42","USD $","EXENTO","UNI","Producto","codigo_duplicado|existencia_negativa","revisar_antes_de_importar"
"59","29","PANQUESITO RELLENO","10601-FABRICACION DE PRODUCTOS DE PANADERIA","-44","757,54","USD $","IVA1","UNI","Producto","codigo_duplicado|existencia_negativa","revisar_antes_de_importar"
"60","30","PAN DE PERRO DE 4 UNDS.","10601-FABRICACION DE PRODUCTOS DE PANADERIA","0","363,62","USD $","EXENTO","UNI","Producto","codigo_duplicado","revisar_antes_de_importar"
"61","30","GOLFEADO","10601-FABRICACION DE PRODUCTOS DE PANADERIA","-35","1.515,08","USD $","IVA1","UNI","Producto","codigo_duplicado|existencia_negativa","revisar_antes_de_importar"
"62","31","PAN DE HAMBURGUESA DE 4 UNDS.","10601-FABRICACION DE PRODUCTOS DE PANADERIA","-1","35","Bs.","EXENTO","UNI","Producto","codigo_duplicado|existencia_negativa","revisar_antes_de_importar"
"63","31","GOLFEADO CON QUESO","10601-FABRICACION DE PRODUCTOS DE PANADERIA","-9","1.893,85","USD $","IVA1","UNI","Producto","codigo_duplicado|existencia_negativa","revisar_antes_de_importar"
"64","32","DULCES SECO","10601-FABRICACION DE PRODUCTOS DE PANADERIA","-3089","1.666,59","USD $","IVA1","UNI","Producto","codigo_duplicado|existencia_negativa","revisar_antes_de_importar"
"65","32","COMBO DE 10 MINI PANES CON TOCINETA CON QUESO","10601-FABRICACION DE PRODUCTOS DE PANADERIA","0","901,47","USD $","IVA1","UNI","Producto","codigo_duplicado","revisar_antes_de_importar"
"66","33","PAN DE QUESO CON TOCINETA GRANDE","10601-FABRICACION DE PRODUCTOS DE PANADERIA","41","2.234,74","USD $","EXENTO","UNI","Producto","codigo_duplicado","revisar_antes_de_importar"
"67","33","TORTA DE PAN","10601-FABRICACION DE PRODUCTOS DE PANADERIA","-5045","454,52","USD $","IVA1","UNI","Producto","codigo_duplicado|existencia_negativa","revisar_antes_de_importar"
"68","34","SEÑORITAS","10601-FABRICACION DE PRODUCTOS DE PANADERIA","-1289","189,39","USD $","IVA1","UNI","Producto","codigo_duplicado|existencia_negativa","revisar_antes_de_importar"
"69","34","PAN DE QUESO CON TOCINETA PEQUEÑO","10601-FABRICACION DE PRODUCTOS DE PANADERIA","120","757,54","USD $","IVA1","UNI","Producto","codigo_duplicado","revisar_antes_de_importar"
"70","35","ROSQUITAS","10601-FABRICACION DE PRODUCTOS DE PANADERIA","-2521","189,39","USD $","IVA1","UNI","Producto","codigo_duplicado|existencia_negativa","revisar_antes_de_importar"
"71","36","BISCOCHO","10601-FABRICACION DE PRODUCTOS DE PANADERIA","-5318","189,39","USD $","IVA1","UNI","Producto","codigo_duplicado|existencia_negativa","revisar_antes_de_importar"
"72","37","PASTA SECA","10601-FABRICACION DE PRODUCTOS DE PANADERIA","-129,465","9.090,49","USD $","IVA1","KG","Producto","existencia_negativa","revisar_antes_de_importar"
"73","38","PAN DE PIZZA","10601-FABRICACION DE PRODUCTOS DE PANADERIA","13","2.272,62","USD $","IVA1","UNI","Producto","codigo_duplicado","revisar_antes_de_importar"
"74","39","MINI AMBROSIA","10601-FABRICACION DE PRODUCTOS DE PANADERIA","-438","530,28","USD $","IVA1","UNI","Producto","codigo_duplicado|existencia_negativa","revisar_antes_de_importar"
"75","40","BRAZO GITANO  POR KILO","10601-FABRICACION DE PRODUCTOS DE PANADERIA","0","9.848,03","USD $","IVA1","KG","Producto","","apto_con_mapeo"
"76","41","CACHITO DE JAMON","10601-FABRICACION DE PRODUCTOS DE PANADERIA","-1773","1.212,06","USD $","IVA1","UNI","Producto","existencia_negativa","revisar_antes_de_importar"
"77","42","BOMBAS","10601-FABRICACION DE PRODUCTOS DE PANADERIA","87","1.212,06","USD $","IVA1","UNI","Producto","","apto_con_mapeo"
"78","44","PASTELITO DE JAMON","10601-FABRICACION DE PRODUCTOS DE PANADERIA","-1","909,05","USD $","IVA1","UNI","Producto","existencia_negativa","revisar_antes_de_importar"
"79","45","MINI LUNCH","10601-FABRICACION DE PRODUCTOS DE PANADERIA","-338","1.515,08","USD $","IVA1","UNI","Producto","existencia_negativa","revisar_antes_de_importar"
"80","46","CROASSANT DE CHOCOLATE","10601-FABRICACION DE PRODUCTOS DE PANADERIA","0","1.363,57","USD $","IVA1","UNI","Producto","","apto_con_mapeo"
"81","47","PIZZA","10601-FABRICACION DE PRODUCTOS DE PANADERIA","-1475","1.363,57","USD $","IVA1","UNI","Producto","codigo_duplicado|existencia_negativa","revisar_antes_de_importar"
"82","47","COMBO 32  DE PAN DE JAMON -QUESO +1 REFRESCO 2 LT","","-1","12.120,65","USD $","IVA1","UNI","Producto","codigo_duplicado|existencia_negativa|departamento_vacio","revisar_antes_de_importar"
"83","49","PASTELITO DE POLLO","10601-FABRICACION DE PRODUCTOS DE PANADERIA","-1545","1.363,57","USD $","IVA1","UNI","Producto","existencia_negativa","revisar_antes_de_importar"
"84","50","PASTELITO DE QUESO","10601-FABRICACION DE PRODUCTOS DE PANADERIA","-2471","1.363,57","USD $","IVA1","UNI","Producto","existencia_negativa","revisar_antes_de_importar"
"85","51","PAN DULCE PEQUEÑO","10601-FABRICACION DE PRODUCTOS DE PANADERIA","21","4,5","Bs.","IVA1","UNI","Producto","","apto_con_mapeo"
"86","52","PAN DE AREQUIPE PEQUEÑO","10601-FABRICACION DE PRODUCTOS DE PANADERIA","-71","1.363,57","USD $","IVA1","UNI","Producto","existencia_negativa","revisar_antes_de_importar"
"87","53","PAN DE AREQUIPE GRANDE","10601-FABRICACION DE PRODUCTOS DE PANADERIA","0","75","Bs.","IVA1","UNI","Producto","","apto_con_mapeo"
"88","56","TOSTADITAS 250 GR","10601-FABRICACION DE PRODUCTOS DE PANADERIA","0","795,42","USD $","IVA1","UNI","Producto","","apto_con_mapeo"
"89","57","PASAPALOS","10601-FABRICACION DE PRODUCTOS DE PANADERIA","-14,994","22.726,22","USD $","IVA1","KG","Producto","existencia_negativa","revisar_antes_de_importar"
"90","58","PIZZA ( BANDEJA)","10601-FABRICACION DE PRODUCTOS DE PANADERIA","-3","37.877,03","USD $","IVA1","UNI","Producto","existencia_negativa","revisar_antes_de_importar"
"91","59","EMPANADA GALLEGA ( BANDEJA)","10601-FABRICACION DE PRODUCTOS DE PANADERIA","1","45.452,44","USD $","IVA1","UNI","Producto","","apto_con_mapeo"
"92","60","MASA PARA PAN DE JAMON","10601-FABRICACION DE PRODUCTOS DE PANADERIA","-2","7.575,41","USD $","IVA1","KG","Producto","codigo_duplicado|existencia_negativa","revisar_antes_de_importar"
"93","60","MASA PARA PIZZA","10601-FABRICACION DE PRODUCTOS DE PANADERIA","3479,3","2.651,39","USD $","IVA1","KG","Producto","codigo_duplicado","revisar_antes_de_importar"
"94","60","PAN DE JAMON DE HOJALDRE PEQUEÑO","","-5","12.120,65","USD $","IVA1","UNI","Producto","codigo_duplicado|existencia_negativa|departamento_vacio","revisar_antes_de_importar"
"95","61","SANDUCHON GRANDE","10601-FABRICACION DE PRODUCTOS DE PANADERIA","-24","3.787,70","USD $","IVA1","UNI","Producto","codigo_duplicado|existencia_negativa","revisar_antes_de_importar"
"96","61","PAN DE JAMON DE HOJALDRE GRANDE","","0","16.665,89","USD $","IVA1","UNI","Producto","codigo_duplicado|departamento_vacio","revisar_antes_de_importar"
"97","62","PAN RAYADO","10601-FABRICACION DE PRODUCTOS DE PANADERIA","-301,554","2.272,62","USD $","IVA1","KG","Producto","codigo_duplicado|existencia_negativa","revisar_antes_de_importar"
"98","62","SANDUCHON PEQUEÑO","10601-FABRICACION DE PRODUCTOS DE PANADERIA","-3","3.030,16","USD $","EXENTO","UNI","Producto","codigo_duplicado|existencia_negativa","revisar_antes_de_importar"
"99","63","DOS PANES DE MANTEQUILLA","10601-FABRICACION DE PRODUCTOS DE PANADERIA","0","200","Bs.","EXENTO","UNI","Producto","codigo_duplicado","revisar_antes_de_importar"
"100","63","PAN DE JAMON GRANDE NORMAL","10601-FABRICACION DE PRODUCTOS DE PANADERIA","-7","15.150,81","USD $","IVA1","UNI","Producto","codigo_duplicado|existencia_negativa","revisar_antes_de_importar"
"101","64","COMBO DE  5  BISCOCHO","10601-FABRICACION DE PRODUCTOS DE PANADERIA","-5","606,03","USD $","IVA1","UNI","Producto","codigo_duplicado|existencia_negativa","revisar_antes_de_importar"
"102","64","PAN DE JAMON CON QUESO Y JAMON DE PAVO PEQUEÑO","10601-FABRICACION DE PRODUCTOS DE PANADERIA","-3","11.363,11","USD $","IVA1","UNI","Producto","codigo_duplicado|existencia_negativa","revisar_antes_de_importar"
"103","64","PANETON DE FRUTAS","10601-FABRICACION DE PRODUCTOS DE PANADERIA","-171","7.575,41","USD $","IVA1","UNI","Producto","codigo_duplicado|existencia_negativa","revisar_antes_de_importar"
"104","65","PANETON DE CHOCOLATE","10601-FABRICACION DE PRODUCTOS DE PANADERIA","-953","9.090,49","USD $","IVA1","UNI","Producto","codigo_duplicado|existencia_negativa","revisar_antes_de_importar"
"105","65","COMBO DE PAN DE MANTEQUILA MEDIANO DE 3","10601-FABRICACION DE PRODUCTOS DE PANADERIA","0","1.416,60","USD $","IVA1","UNI","Producto","codigo_duplicado","revisar_antes_de_importar"
"106","66","PALMERITAS GRANDES","10601-FABRICACION DE PRODUCTOS DE PANADERIA","0","1.363,57","USD $","EXENTO","UNI","Producto","codigo_duplicado","revisar_antes_de_importar"
"107","66","GALLETONES","10601-FABRICACION DE PRODUCTOS DE PANADERIA","-64","1.212,06","USD $","IVA1","UNI","Producto","codigo_duplicado|existencia_negativa","revisar_antes_de_importar"
"108","66","PAN DE MANTEQUILLA MEDIANO POR UNIDAD","10601-FABRICACION DE PRODUCTOS DE PANADERIA","0","3","Bs.","IVA1","UNI","Producto","codigo_duplicado","revisar_antes_de_importar"
"109","67","PALMERAS GRANDES","10601-FABRICACION DE PRODUCTOS DE PANADERIA","20","1.212,06","USD $","IVA1","UNI","Producto","codigo_duplicado","revisar_antes_de_importar"
"110","68","PERNIL POR KILO","10601-FABRICACION DE PRODUCTOS DE PANADERIA","-39,555","18.938,52","USD $","IVA1","KG","Producto","codigo_duplicado|existencia_negativa","revisar_antes_de_importar"
"111","69","POLVOROSAS","10601-FABRICACION DE PRODUCTOS DE PANADERIA","20","1.212,06","USD $","IVA1","UNI","Producto","codigo_duplicado","revisar_antes_de_importar"
"112","69","CACHITOS CON QUESO","10601-FABRICACION DE PRODUCTOS DE PANADERIA","45","1.477,20","USD $","IVA1","UNI","Producto","codigo_duplicado","revisar_antes_de_importar"
"113","70","PAN ACEMITA X PAQUETE DE 4 UNIDADES","10601-FABRICACION DE PRODUCTOS DE PANADERIA","0","44","Bs.","IVA1","UNI","Producto","codigo_duplicado","revisar_antes_de_importar"
"114","70","JAMON DE PIERNA CASTELO BLANCO BANQUETE","10601-FABRICACION DE PRODUCTOS DE PANADERIA","0","5.969,42","USD $","IVA1","KG","Producto","codigo_duplicado","revisar_antes_de_importar"
"115","71","PAN DE GUAYABA X PAQUETE DE 4 UNDS.","10601-FABRICACION DE PRODUCTOS DE PANADERIA","0","84","Bs.","IVA1","UNI","Producto","codigo_duplicado","revisar_antes_de_importar"
"116","71","VASO DOMO DE FRESA","10601-FABRICACION DE PRODUCTOS DE PANADERIA","1","2.499,88","USD $","IVA1","UNI","Producto","codigo_duplicado","revisar_antes_de_importar"
"117","72","PAN DE COCO X PAQUETE DE 4 UNDS.","10601-FABRICACION DE PRODUCTOS DE PANADERIA","0","651,48","USD $","IVA1","UNI","Producto","codigo_duplicado","revisar_antes_de_importar"
"118","73","VASO DOMO CHOCOLATE","10601-FABRICACION DE PRODUCTOS DE PANADERIA","-3","2.499,88","USD $","IVA1","UNI","Producto","codigo_duplicado|existencia_negativa","revisar_antes_de_importar"
"119","73","PAN DE JAMON POPULAR","10601-FABRICACION DE PRODUCTOS DE PANADERIA","-212","5.302,78","USD $","IVA1","UNI","Producto","codigo_duplicado|existencia_negativa","revisar_antes_de_importar"
"120","74","MINI DULCE FRIO","10601-FABRICACION DE PRODUCTOS DE PANADERIA","0","469,68","USD $","IVA1","UNI","Producto","","apto_con_mapeo"
"121","75","PAN DE DIOS","10601-FABRICACION DE PRODUCTOS DE PANADERIA","-1489","2.348,38","USD $","EXENTO","UNI","Producto","codigo_duplicado|existencia_negativa","revisar_antes_de_importar"
"122","75","PAN DE CHOCOLATE X PAQUETE DE 4 UNDS.","10601-FABRICACION DE PRODUCTOS DE PANADERIA","0","84","Bs.","IVA1","UNI","Producto","codigo_duplicado","revisar_antes_de_importar"
"123","76","PAN DE DIOS PEQUEÑO","10601-FABRICACION DE PRODUCTOS DE PANADERIA","-70","621,18","USD $","IVA1","UNI","Producto","codigo_duplicado|existencia_negativa","revisar_antes_de_importar"
"124","77","DULCES ALFAJOL DE COCO GRANDE","10601-FABRICACION DE PRODUCTOS DE PANADERIA","-15","1.363,57","USD $","IVA1","UNI","Producto","existencia_negativa","revisar_antes_de_importar"
"125","79","CORAZON DE FRUTAS","10601-FABRICACION DE PRODUCTOS DE PANADERIA","-3","1.636,29","USD $","IVA1","UNI","Producto","codigo_duplicado|existencia_negativa","revisar_antes_de_importar"
"126","79","QUESILLO","10601-FABRICACION DE PRODUCTOS DE PANADERIA","-95","2.348,38","USD $","IVA1","UNI","Producto","codigo_duplicado|existencia_negativa","revisar_antes_de_importar"
"127","80","CAFE PEQUEÑO","10601-FABRICACION DE PRODUCTOS DE PANADERIA","-9982","1.136,31","USD $","IVA1","UNI","Producto","existencia_negativa","revisar_antes_de_importar"
"128","81","CAFE GRANDE","10601-FABRICACION DE PRODUCTOS DE PANADERIA","-21980","1.893,85","USD $","IVA1","UNI","Producto","existencia_negativa","revisar_antes_de_importar"
"129","82","TE NEGRO","10601-FABRICACION DE PRODUCTOS DE PANADERIA","-22","1.893,85","USD $","IVA1","UNI","Producto","existencia_negativa","revisar_antes_de_importar"
"130","83","TE DE MANZANILLA","10601-FABRICACION DE PRODUCTOS DE PANADERIA","-120","1.893,85","USD $","IVA1","UNI","Producto","existencia_negativa","revisar_antes_de_importar"
"131","86","TORTA NEGRA GRANDE 1 KILO","10601-FABRICACION DE PRODUCTOS DE PANADERIA","-5","5.681,55","USD $","IVA1","UNI","Producto","existencia_negativa","revisar_antes_de_importar"
"132","90","TORTA POR KILO","10601-FABRICACION DE PRODUCTOS DE PANADERIA","-910,03","12.120,65","USD $","IVA1","KG","Producto","existencia_negativa","revisar_antes_de_importar"
"133","91","DULCES FRIO GRANDE","10601-FABRICACION DE PRODUCTOS DE PANADERIA","-2182","1.666,59","USD $","IVA1","UNI","Producto","existencia_negativa","revisar_antes_de_importar"
"134","92","DULCE TRES LECHE","10601-FABRICACION DE PRODUCTOS DE PANADERIA","-998","2.424,13","USD $","IVA1","UNI","Producto","existencia_negativa","revisar_antes_de_importar"
"135","94","DULCE FRIO PEQUEÑO","10601-FABRICACION DE PRODUCTOS DE PANADERIA","-4157","749,97","USD $","IVA1","UNI","Producto","existencia_negativa","revisar_antes_de_importar"
"136","95","DULCES DE COPAS","10601-FABRICACION DE PRODUCTOS DE PANADERIA","-147","2.348,38","USD $","IVA1","UNI","Producto","existencia_negativa","revisar_antes_de_importar"
"137","98","ROSCAS PEQUEÑAS","10601-FABRICACION DE PRODUCTOS DE PANADERIA","0","5.302,78","USD $","IVA1","UNI","Producto","","apto_con_mapeo"
"138","101","CAMPESINO PICADO","10601-FABRICACION DE PRODUCTOS DE PANADERIA","-1813","757,54","USD $","EXENTO","UNI","Producto","codigo_duplicado|existencia_negativa","revisar_antes_de_importar"
"139","102","JUGO  DE NARANJA UPACA DE 2 LT.","10601-FABRICACION DE PRODUCTOS DE PANADERIA","-1","1.560,53","USD $","IVA1","UNI","Producto","existencia_negativa","revisar_antes_de_importar"
"140","103","MEDIA CANILLA CON PERNIL","10601-FABRICACION DE PRODUCTOS DE PANADERIA","0","0,06","Bs.","IVA1","UNI","Producto","codigo_duplicado","revisar_antes_de_importar"
"141","104","SANDWICH PERNIL","10601-FABRICACION DE PRODUCTOS DE PANADERIA","-45","2.272,62","USD $","IVA1","UNI","Producto","codigo_duplicado|existencia_negativa","revisar_antes_de_importar"
"142","105","MEDIO CAMPESINO CON PERNIL","10601-FABRICACION DE PRODUCTOS DE PANADERIA","0","0,08","Bs.","IVA1","UNI","Producto","codigo_duplicado","revisar_antes_de_importar"
"143","106","CAMPESINO COMPLETO CON PERNIL","10601-FABRICACION DE PRODUCTOS DE PANADERIA","0","524,22","USD $","IVA1","UNI","Producto","codigo_duplicado","revisar_antes_de_importar"
"144","107","CANILLA COMPLETA CON PERNIL","10601-FABRICACION DE PRODUCTOS DE PANADERIA","0","0,12","Bs.","IVA1","UNI","Producto","codigo_duplicado","revisar_antes_de_importar"
"145","108","HARINA DE TRIGO DETALLADA POR KILO","10601-FABRICACION DE PRODUCTOS DE PANADERIA","-46,922","1.257,52","USD $","EXENTO","KG","Producto","codigo_duplicado|existencia_negativa","revisar_antes_de_importar"
"146","110","PORCION DE PAN DE JAMON","10601-FABRICACION DE PRODUCTOS DE PANADERIA","0","1.742,34","USD $","IVA1","UNI","Producto","codigo_duplicado","revisar_antes_de_importar"
"147","111","TRES  CANILLAS","10601-FABRICACION DE PRODUCTOS DE PANADERIA","-70647","757,54","USD $","EXENTO","UNI","Producto","codigo_duplicado|existencia_negativa","revisar_antes_de_importar"
"148","112","TRES CAMPESINOS","10601-FABRICACION DE PRODUCTOS DE PANADERIA","-30616","2.121,11","USD $","EXENTO","UNI","Producto","codigo_duplicado|existencia_negativa","revisar_antes_de_importar"
"149","113","TRES SOBADOS O MANTEQUILLA","10601-FABRICACION DE PRODUCTOS DE PANADERIA","-341","2.121,11","USD $","IVA1","UNI","Producto","codigo_duplicado|existencia_negativa","revisar_antes_de_importar"
"150","128","TRES CANILLAS","10601-FABRICACION DE PRODUCTOS DE PANADERIA","389","909,05","USD $","EXENTO","UNI","Producto","codigo_duplicado","revisar_antes_de_importar"
"151","129","PAN DE A LOCHA 8 UNDS.","10601-FABRICACION DE PRODUCTOS DE PANADERIA","-64846","757,54","USD $","EXENTO","UNI","Producto","codigo_duplicado|existencia_negativa","revisar_antes_de_importar"
"152","129","COMBO DE 10 BISCOCHOS","10601-FABRICACION DE PRODUCTOS DE PANADERIA","-3848","1.363,57","USD $","EXENTO","UNI","Producto","codigo_duplicado|existencia_negativa","revisar_antes_de_importar"
"153","131","COMBO 10 DE ROSQUITAS","10601-FABRICACION DE PRODUCTOS DE PANADERIA","-338","1.363,57","USD $","EXENTO","UNI","Producto","existencia_negativa","revisar_antes_de_importar"
"154","134","COMBO DE 10 MINI PAN DE GUAYABA","10601-FABRICACION DE PRODUCTOS DE PANADERIA","-2675","757,54","USD $","IVA1","UNI","Producto","existencia_negativa","revisar_antes_de_importar"
"155","135","COMBO DE 5 ROSQUITA","10601-FABRICACION DE PRODUCTOS DE PANADERIA","0","606,03","USD $","IVA1","UNI","Producto","","apto_con_mapeo"
"156","136","COMBO DE TRES DULCES DE COPA","10601-FABRICACION DE PRODUCTOS DE PANADERIA","-20","4.545,24","USD $","IVA1","UNI","Producto","codigo_duplicado|existencia_negativa","revisar_antes_de_importar"
"157","140","COMBO DE 5 SEÑORITA","10601-FABRICACION DE PRODUCTOS DE PANADERIA","-1","606,03","USD $","EXENTO","UNI","Producto","existencia_negativa","revisar_antes_de_importar"
"158","142","SUSPIROS 2 X1","10601-FABRICACION DE PRODUCTOS DE PANADERIA","-20","757,54","USD $","EXENTO","UNI","Producto","existencia_negativa","revisar_antes_de_importar"
"159","143","ACEMITA DE PIZZA","10601-FABRICACION DE PRODUCTOS DE PANADERIA","-661","2.272,62","USD $","IVA1","UNI","Producto","codigo_duplicado|existencia_negativa","revisar_antes_de_importar"
"160","143","MINI PAN CON TOCINETA","10601-FABRICACION DE PRODUCTOS DE PANADERIA","-1","128,78","USD $","IVA1","UNI","Producto","codigo_duplicado|existencia_negativa","revisar_antes_de_importar"
"161","144","MINI PAN DE AREQUIPE","10601-FABRICACION DE PRODUCTOS DE PANADERIA","0","128,78","USD $","IVA1","UNI","Producto","","apto_con_mapeo"
"162","145","MINI PAN DE COCO","10601-FABRICACION DE PRODUCTOS DE PANADERIA","358","151,51","USD $","IVA1","UNI","Producto","","apto_con_mapeo"
"163","146","MINI PAN DE GUAYABA","10601-FABRICACION DE PRODUCTOS DE PANADERIA","-102","151,51","USD $","IVA1","UNI","Producto","existencia_negativa","revisar_antes_de_importar"
"164","147","MINI PIÑITAS","10601-FABRICACION DE PRODUCTOS DE PANADERIA","-282","151,51","USD $","IVA1","UNI","Producto","existencia_negativa","revisar_antes_de_importar"
"165","148","MINI PAN DE AREQUIPE/QUESO","10601-FABRICACION DE PRODUCTOS DE PANADERIA","0","143,93","USD $","IVA1","UNI","Producto","","apto_con_mapeo"
"166","149","MINI PAN DE CHOCOLATE","10601-FABRICACION DE PRODUCTOS DE PANADERIA","0","143,93","USD $","IVA1","UNI","Producto","","apto_con_mapeo"
"167","150","MINI BOMBA","10601-FABRICACION DE PRODUCTOS DE PANADERIA","-152","227,26","USD $","IVA1","UNI","Producto","existencia_negativa","revisar_antes_de_importar"
"168","151","COMBO 5 PANES REDONDO PEQUEÑO","10601-FABRICACION DE PRODUCTOS DE PANADERIA","0","757,54","USD $","IVA1","UNI","Producto","","apto_con_mapeo"
"169","152","PAN REDONDO PEQUEÑO POR UNIDAD","10601-FABRICACION DE PRODUCTOS DE PANADERIA","600","189,39","USD $","IVA1","UNI","Producto","","apto_con_mapeo"
"170","153","MINI ACEMITA","10601-FABRICACION DE PRODUCTOS DE PANADERIA","-13","90,9","USD $","IVA1","UNI","Producto","existencia_negativa","revisar_antes_de_importar"
"171","154","PAN DE GUAYABA CON QUESO PEQUEÑO","10601-FABRICACION DE PRODUCTOS DE PANADERIA","338","719,66","USD $","IVA1","UNI","Producto","codigo_duplicado","revisar_antes_de_importar"
"172","155","PAN ALOCHA 20 UNIDADES","10601-FABRICACION DE PRODUCTOS DE PANADERIA","1656","1.439,33","USD $","EXENTO","UNI","Producto","","apto_con_mapeo"
"173","169","PANELITA SAN JUAQUIN POR UNIDAD","10601-FABRICACION DE PRODUCTOS DE PANADERIA","-7924","227,26","USD $","EXENTO","UNI","Producto","existencia_negativa","revisar_antes_de_importar"
"174","291","CATALINA MANZANARES POR UNIDAD","","0","75,75","USD $","IVA1","UNI","Producto","codigo_duplicado|departamento_vacio","revisar_antes_de_importar"
"175","292","CALLETAS DE COCO MANZANARES POR UNIDAD","","0","0,01","Bs.","IVA1","UNI","Producto","codigo_duplicado|departamento_vacio","revisar_antes_de_importar"
"176","362","MARGARINA LIGERA 15 KILOS LA NORMANDA","10601-FABRICACION DE PRODUCTOS DE PANADERIA","10","34.422,64","USD $","EXENTO","UNI","Producto","","apto_con_mapeo"
"177","526","BOLSA PARA BASURAS DE 40 KG.","","-25","378,77","USD $","IVA1","UNI","Producto","existencia_negativa|departamento_vacio","revisar_antes_de_importar"
"178","527","BOLSA PARA BASURA DE 30 KG.","","1063","378,77","USD $","IVA1","UNI","Producto","departamento_vacio","revisar_antes_de_importar"
"179","532","PAN DE SANDWICH GRANDE","10601-FABRICACION DE PRODUCTOS DE PANADERIA","-13","2.802,90","USD $","EXENTO","UNI","Producto","existencia_negativa","revisar_antes_de_importar"
"180","534","TRES CAMPESINOS","10601-FABRICACION DE PRODUCTOS DE PANADERIA","0","1.180,00","Bs.","EXENTO","UNI","Producto","","apto_con_mapeo"
"181","559","PAN  CON OREGANO Y ANJOJOLI","10601-FABRICACION DE PRODUCTOS DE PANADERIA","0","1.075,71","USD $","IVA1","UNI","Producto","","apto_con_mapeo"
"182","561","VASO DOMO DE FRESA PQ.","10601-FABRICACION DE PRODUCTOS DE PANADERIA","-889","2.348,38","USD $","IVA1","UNI","Producto","codigo_duplicado|existencia_negativa","revisar_antes_de_importar"
"183","562","VASO DOMO DE CHOCOLATE PQ.","10601-FABRICACION DE PRODUCTOS DE PANADERIA","-1362","2.348,38","USD $","IVA1","UNI","Producto","codigo_duplicado|existencia_negativa","revisar_antes_de_importar"
"184","563","CARAMELOS BITES DE CHOCOLATE","","0","22,73","USD $","IVA1","UNI","Producto","codigo_duplicado|departamento_vacio","revisar_antes_de_importar"
"185","563","VASO DOMO DE MELOCOTON PQ.","10601-FABRICACION DE PRODUCTOS DE PANADERIA","0","2.499,88","USD $","IVA1","UNI","Producto","codigo_duplicado","revisar_antes_de_importar"
"186","564","ENVOPLAST INDUSTRIAL","","5","32.195,48","USD $","IVA1","UNI","Producto","codigo_duplicado|departamento_vacio","revisar_antes_de_importar"
"187","566","PANQUE EN BANDEJA","10601-FABRICACION DE PRODUCTOS DE PANADERIA","-63","3.333,18","USD $","EXENTO","UNI","Producto","codigo_duplicado|existencia_negativa","revisar_antes_de_importar"
"188","567","PANQUE UNGARO EN BANDEJA","10601-FABRICACION DE PRODUCTOS DE PANADERIA","-445","3.484,69","USD $","EXENTO","UNI","Producto","codigo_duplicado|existencia_negativa","revisar_antes_de_importar"
"189","569","MINI PAN DE JAMON CON QUESO CREMA","10601-FABRICACION DE PRODUCTOS DE PANADERIA","-85","2.272,62","USD $","EXENTO","UNI","Producto","codigo_duplicado|existencia_negativa","revisar_antes_de_importar"
"190","612","HARINA AVIERO DE 45 KG.","10601-FABRICACION DE PRODUCTOS DE PANADERIA","85","46.020,59","USD $","EXENTO","UNI","Producto","","apto_con_mapeo"
"191","620","PAN DE JAMON DE HOJALDR CON QUESO CREMA GRANDE","10601-FABRICACION DE PRODUCTOS DE PANADERIA","0","18.938,52","USD $","IVA1","UNI","Producto","codigo_duplicado","revisar_antes_de_importar"
"192","621","PAN DE JAMON DE HOJALDRE CON QUESO CREMA PEQUEÑO","10601-FABRICACION DE PRODUCTOS DE PANADERIA","-5","15.150,81","USD $","IVA1","UNI","Producto","codigo_duplicado|existencia_negativa","revisar_antes_de_importar"
"193","622","CAJA PARA PASTEL DE 13X10 6CM.","","1800","121,21","USD $","EXENTO","UNI","Producto","departamento_vacio","revisar_antes_de_importar"
"194","668","NEVAZUCAR FLOWER DE 10 KG.","10601-FABRICACION DE PRODUCTOS DE PANADERIA","26","47.831,11","USD $","IVA1","KG","Producto","","apto_con_mapeo"
"195","800","GELATINA FRUIT JELLY DE 30 GR.","10601-FABRICACION DE PRODUCTOS DE PANADERIA","85","174,23","USD $","IVA1","UNI","Producto","","apto_con_mapeo"
"196","812","COMBO #12 NAVIDEÑO","10601-FABRICACION DE PRODUCTOS DE PANADERIA","0","10.605,57","USD $","IVA1","UNI","Compuesto","codigo_duplicado|tipo_compuesto","revisar_antes_de_importar"
"197","991","TORTA DE PIÑA","10601-FABRICACION DE PRODUCTOS DE PANADERIA","-6","5.302,78","EUR €","IVA1","UNI","Producto","codigo_duplicado|existencia_negativa|moneda_eur_no_soportada","revisar_antes_de_importar"
"198","1122","PAN CACHICAMO","10601-FABRICACION DE PRODUCTOS DE PANADERIA","0","1.462,05","USD $","EXENTO","UNI","Producto","","apto_con_mapeo"
"199","1125","MINI POLVOROSAS","10601-FABRICACION DE PRODUCTOS DE PANADERIA","0","0,1","Bs.","IVA1","UNI","Producto","","apto_con_mapeo"
"200","3125","SUERO CREMOSO DISTRIBUIDORA DE 400 CC.","","4","3.189,25","USD $","EXENTO","UNI","Producto","departamento_vacio","revisar_antes_de_importar"
"201","3151","TOCINTEA AHUMADA REBANADA PLUMROSE","","0","5.666,40","USD $","IVA1","UNI","Producto","departamento_vacio","revisar_antes_de_importar"
"202","8316","COMBO CAFETIN","10601-FABRICACION DE PRODUCTOS DE PANADERIA","0","2.650,63","USD $","IVA1","UNI","Compuesto","tipo_compuesto","revisar_antes_de_importar"
"203","8317","COMBO POPULAR","","0","2.650,63","USD $","IVA1","UNI","Compuesto","departamento_vacio|tipo_compuesto","revisar_antes_de_importar"
"204","8318","COMBO POPULAR 2","10601-FABRICACION DE PRODUCTOS DE PANADERIA","0","2.650,63","USD $","IVA1","UNI","Compuesto","tipo_compuesto","revisar_antes_de_importar"
"205","8990","TORTA NEGRA ESTRELLA","10601-FABRICACION DE PRODUCTOS DE PANADERIA","-81","1.893,85","USD $","IVA1","UNI","Producto","existencia_negativa","revisar_antes_de_importar"
"206","9977","PANQUE DE CORAZON CON FRESA","","-5","3.484,69","USD $","IVA1","UNI","Producto","existencia_negativa|departamento_vacio","revisar_antes_de_importar"
"207","9988","PANQUE DE CORAZON","10601-FABRICACION DE PRODUCTOS DE PANADERIA","-565","3.257,42","USD $","IVA1","UNI","Producto","existencia_negativa","revisar_antes_de_importar"
"208","9989","PANQUE ESTRELLA","10601-FABRICACION DE PRODUCTOS DE PANADERIA","-293","1.855,97","USD $","IVA1","UNI","Producto","existencia_negativa","revisar_antes_de_importar"
"209","60097941","DESODORANTE REXONA CONFIDENCE DAMA DE 50 ML","","1","643,91","USD $","IVA1","UNI","Producto","departamento_vacio","revisar_antes_de_importar"
"210","75076368","DESODORANTE REXONA SPORT DE","","0","5.340,66","USD $","IVA1","UNI","Producto","departamento_vacio","revisar_antes_de_importar"
"211","75916237","SALSA HEINZ 57 DE 194 GR.","","0","1.659,01","USD $","IVA1","UNI","Producto","departamento_vacio","revisar_antes_de_importar"
"212","75916367","SALSA DE TOMATE  KETCHUP EUREKA DE 397 GR.","50001-DETAL DE SUPERMERCADO Y AUTOMERCADO","0","1.613,56","USD $","IVA1","UNI","Producto","","apto_con_mapeo"
"213","75916565","VAPORUB DE 12 GR.","50001-DETAL DE SUPERMERCADO Y AUTOMERCADO","8","1.272,67","USD $","IVA1","UNI","Producto","","apto_con_mapeo"
"214","75916909","COMPOTAS DE MELOCOTON HEINZ 113 GR","50001-DETAL DE SUPERMERCADO Y AUTOMERCADO","-4","1.083,28","USD $","IVA1","UNI","Producto","existencia_negativa","revisar_antes_de_importar"
"215","75916916","COLADO DE CIRUELAS PASAS DE 113 GR.","50001-DETAL DE SUPERMERCADO Y AUTOMERCADO","0","954,5","USD $","IVA1","UNI","Producto","","apto_con_mapeo"
"216","75917265","DESODORANTE ROLLON OLD SPICE DE 52 GR.","50001-DETAL DE SUPERMERCADO Y AUTOMERCADO","0","2.325,65","USD $","IVA1","UNI","Producto","","apto_con_mapeo"
"217","75919184","SALSA DE TOMATE PAMPERO DE 198 GR,","50001-DETAL DE SUPERMERCADO Y AUTOMERCADO","-1","1.712,04","USD $","IVA1","UNI","Producto","existencia_negativa","revisar_antes_de_importar"
"218","75919191","SALSA DE TOMATE PAMPERO 397 GR","50001-DETAL DE SUPERMERCADO Y AUTOMERCADO","7","2.310,50","USD $","IVA1","UNI","Producto","","apto_con_mapeo"
"219","75919740","SALSA DE TOMATE TIQUIRE FLORES DE 397 GR.","50001-DETAL DE SUPERMERCADO Y AUTOMERCADO","6","1.780,22","USD $","IVA1","UNI","Producto","","apto_con_mapeo"
"220","75920531","SALSA DE TOMATE KETCHUP TIQUIRE DE 198 GR.","50001-DETAL DE SUPERMERCADO Y AUTOMERCADO","5","1.196,91","USD $","IVA1","UNI","Producto","","apto_con_mapeo"
"221","75920913","JUGO YUKERY DURAZNO BOTELLA 250 CM","50001-DETAL DE SUPERMERCADO Y AUTOMERCADO","60","1.121,16","USD $","IVA1","UNI","Producto","","apto_con_mapeo"
"222","75920920","JUGO YUKERY MANGO BOTELLA 250 CM","50001-DETAL DE SUPERMERCADO Y AUTOMERCADO","31","1.075,71","USD $","IVA1","UNI","Producto","","apto_con_mapeo"
"223","75920937","YUKERY DE MANZANA DE BOTELLA DE 250 CC","50001-DETAL DE SUPERMERCADO Y AUTOMERCADO","43","1.121,16","USD $","IVA1","UNI","Producto","","apto_con_mapeo"
"224","75921064","CIGARROS PALL MALL DE 20 UNIDADES","50001-DETAL DE SUPERMERCADO Y AUTOMERCADO","28","2.757,45","USD $","EXENTO","UNI","Producto","","apto_con_mapeo"
"225","75921118","DIABLITOS UNDERWOOD  50 GR","50001-DETAL DE SUPERMERCADO Y AUTOMERCADO","114","1.757,49","USD $","IVA1","UNI","Producto","","apto_con_mapeo"
"226","75921491","CIGARROS PALL MALL DE 10 UNIDADES","50001-DETAL DE SUPERMERCADO Y AUTOMERCADO","-1","749,97","USD $","EXENTO","UNI","Producto","existencia_negativa","revisar_antes_de_importar"
"227","75922078","SALSA DE TOMATE PICANTE HEINZ DE 397 GR.","50001-DETAL DE SUPERMERCADO Y AUTOMERCADO","0","1.166,61","USD $","IVA1","UNI","Producto","","apto_con_mapeo"
"228","75922214","MARGARITA ATUN ENSALADA MEXICANA 170 GR","50001-DETAL DE SUPERMERCADO Y AUTOMERCADO","3","3.552,87","USD $","IVA1","UNI","Producto","","apto_con_mapeo"
"229","75923815","JABON LAS LLAVES BEBE DE 160 GR.","50001-DETAL DE SUPERMERCADO Y AUTOMERCADO","0","871,17","USD $","IVA1","UNI","Producto","","apto_con_mapeo"
"230","78023994","BOM O BOM DE 15 GR.","","0","318,17","USD $","IVA1","UNI","Producto","departamento_vacio","revisar_antes_de_importar"
"231","23114507937","COLORANTE EN GEL BLACK DIAMOND","","3","2.765,02","USD $","IVA1","UNI","Producto","departamento_vacio","revisar_antes_de_importar"
"232","54228110935","CREMITAS RELLENAS DE CHOCOLATE","","0","0,01","Bs.","IVA1","UNI","Producto","departamento_vacio","revisar_antes_de_importar"
"233","89395159029","RIKO MALT PARMALAT DE 900 GR.","","-2","3.401,36","USD $","IVA1","UNI","Producto","existencia_negativa|departamento_vacio","revisar_antes_de_importar"
"1591","75911071566","HELADO TIO RICO DE CHOCOLATE DE 850GR.","50001-DETAL DE SUPERMERCADO Y AUTOMERCADO","2","8.007,20","USD $","IVA1","UNI","Producto","","apto_con_mapeo"
"1920","75930271","RIKESA QUESO CHEDDAR SQUEEZE DE 330 GR.","50001-DETAL DE SUPERMERCADO Y AUTOMERCADO","7","6.348,19","USD $","IVA1","UNI","Producto","","apto_con_mapeo"
"1921","75930288","RIKESA CHEDDAR DE 200 GR.","50001-DETAL DE SUPERMERCADO Y AUTOMERCADO","-5","3.030,16","USD $","IVA1","UNI","Producto","existencia_negativa","revisar_antes_de_importar"
"1925","75930370","MARLBORO GOLD ORIGINAL DE 10 UND.","50001-DETAL DE SUPERMERCADO Y AUTOMERCADO","0","0","Bs.","IVA1","UNI","Producto","precio_venta_ausente_o_cero","revisar_antes_de_importar"
"1926","75930455","OVOMALTINA DE 35 GR.","50001-DETAL DE SUPERMERCADO Y AUTOMERCADO","21","1.613,56","USD $","IVA1","UNI","Producto","","apto_con_mapeo"
"1927","75930516","TALCO BOROCANFOR ORIGINAL 60 GR.","50001-DETAL DE SUPERMERCADO Y AUTOMERCADO","0","0,03","Bs.","IVA1","UNI","Producto","","apto_con_mapeo"
"1928","75930523","BOROCANFOR DE 60 GR.","50001-DETAL DE SUPERMERCADO Y AUTOMERCADO","0","2.689,27","USD $","IVA1","UNI","Producto","","apto_con_mapeo"
"1931","75930547","BOROCANFOR DE 120 GR.","50001-DETAL DE SUPERMERCADO Y AUTOMERCADO","1","4.446,76","USD $","IVA1","UNI","Producto","","apto_con_mapeo"
"1932","75930578","JUGO YUKERY DE NARANJA BOTELLA DE 250 CC","50001-DETAL DE SUPERMERCADO Y AUTOMERCADO","80","1.121,16","USD $","IVA1","UNI","Producto","","apto_con_mapeo"
"1933","75930868","MANTEQUILLA MAVESA DE 250 GR.","50001-DETAL DE SUPERMERCADO Y AUTOMERCADO","-3","1.583,26","USD $","EXENTO","UNI","Producto","existencia_negativa","revisar_antes_de_importar"
"2248","75950064","CIGARROS UNIVERSAL DE 20 UNIDADES","50001-DETAL DE SUPERMERCADO Y AUTOMERCADO","51","1.765,07","USD $","EXENTO","UNI","Producto","","apto_con_mapeo"
"3078","75913910082","PANQUE BURREROS DE 100 GR.","50001-DETAL DE SUPERMERCADO Y AUTOMERCADO","20","946,93","USD $","EXENTO","UNI","Producto","","apto_con_mapeo"
"3167","75916022","COMPOTA DE BANANA HEINZ DE 113 GR.","50001-DETAL DE SUPERMERCADO Y AUTOMERCADO","0","712,09","USD $","IVA1","UNI","Producto","","apto_con_mapeo"
"3171","75916053","COMPOTAS DE FRUTAS  MIXTAS HEINZ  DE 113 GR","50001-DETAL DE SUPERMERCADO Y AUTOMERCADO","13","946,93","USD $","IVA1","UNI","Producto","","apto_con_mapeo"
"3172","75916060","COMPOTAS DE FRUTAS TROPICALES HEINZ 113GR","50001-DETAL DE SUPERMERCADO Y AUTOMERCADO","1","1.136,31","USD $","IVA1","UNI","Producto","","apto_con_mapeo"
"3173","75916077","COMPOTA HEINZ DE POSTRE DE FRUTAS DE 113GR.","50001-DETAL DE SUPERMERCADO Y AUTOMERCADO","-1","1.136,31","USD $","IVA1","UNI","Producto","existencia_negativa","revisar_antes_de_importar"
"3174","75916084","COMPOTAS MANZANA HEINZ 113 GR.","50001-DETAL DE SUPERMERCADO Y AUTOMERCADO","5","977,23","USD $","IVA1","UNI","Producto","","apto_con_mapeo"
"3175","75916091","COMPOTA HEINZ PERA 113 G","50001-DETAL DE SUPERMERCADO Y AUTOMERCADO","10","946,93","USD $","IVA1","UNI","Producto","","apto_con_mapeo"
"3176","75916107","SALSA DE TOMATE HEINZ  397 GR.","50001-DETAL DE SUPERMERCADO Y AUTOMERCADO","5","2.651,39","USD $","IVA1","UNI","Producto","","apto_con_mapeo"
"3177","75916114","SALSA DE TOMATE HEINZ DE 567 GR.","50001-DETAL DE SUPERMERCADO Y AUTOMERCADO","3","2.757,45","USD $","IVA1","UNI","Producto","","apto_con_mapeo"
"3178","75916145","SALSA PARA PASTAS PRONTO BOLONESA  388 GR","50001-DETAL DE SUPERMERCADO Y AUTOMERCADO","0","1.189,34","USD $","IVA1","UNI","Producto","","apto_con_mapeo"
"3182","75916176","SALSA 57 HEINZ 378 GR","50001-DETAL DE SUPERMERCADO Y AUTOMERCADO","1","1.537,81","USD $","IVA1","UNI","Producto","","apto_con_mapeo"
"3199","75916220","SALSA DE TOMATE KETCHUP DE 198 GR.","50001-DETAL DE SUPERMERCADO Y AUTOMERCADO","14","1.499,93","USD $","IVA1","UNI","Producto","","apto_con_mapeo"
"3283","75970109","NUCITA MERIENDITA 20 GR","50001-DETAL DE SUPERMERCADO Y AUTOMERCADO","3","802,99","USD $","IVA1","UNI","Producto","","apto_con_mapeo"
"3284","75970147","SALSA BABECUE KAMPESTRE DE","50001-DETAL DE SUPERMERCADO Y AUTOMERCADO","0","0,01","Bs.","IVA1","UNI","Producto","","apto_con_mapeo"
"3286","75970475","AXION MULTIUSO EN CREMA 230 GR.","50001-DETAL DE SUPERMERCADO Y AUTOMERCADO","0","1.977,18","USD $","IVA1","UNI","Producto","","apto_con_mapeo"
"3292","75971106","GALLETA CHARMY DE 26 GR.","50001-DETAL DE SUPERMERCADO Y AUTOMERCADO","0","159,08","USD $","IVA1","UNI","Producto","","apto_con_mapeo"
"3293","75971113","GALLETA CHARMY DE FRESA DE 26 GR.","50001-DETAL DE SUPERMERCADO Y AUTOMERCADO","0","159,08","USD $","IVA1","UNI","Producto","","apto_con_mapeo"
"3294","75971120","GALLETAS CHAMY CHOCOLATE DE 26 GR","50001-DETAL DE SUPERMERCADO Y AUTOMERCADO","0","159,08","USD $","IVA1","UNI","Producto","","apto_con_mapeo"
"3301","75971403","MAYONESA MAVESA DE 175 GR.","50001-DETAL DE SUPERMERCADO Y AUTOMERCADO","25","2.204,44","USD $","EXENTO","UNI","Producto","","apto_con_mapeo"
"3302","75971472","PASTILLA MULTIUSO LAS LLAVES DE 130 GR.","50001-DETAL DE SUPERMERCADO Y AUTOMERCADO","0","856,02","USD $","IVA1","UNI","Producto","","apto_con_mapeo"
"3303","75971663","MERMELADA LA VIENESA DE FRESA MORA 240 GR.","50001-DETAL DE SUPERMERCADO Y AUTOMERCADO","0","2.749,87","USD $","IVA1","UNI","Producto","","apto_con_mapeo"
"3304","75971670","JABON PANELA LAS LLAVES DE 200 GR.","50001-DETAL DE SUPERMERCADO Y AUTOMERCADO","0","871,17","USD $","IVA1","UNI","Producto","","apto_con_mapeo"
"3306","75971700","MARGARINA NELLY DE 227 GR.","50001-DETAL DE SUPERMERCADO Y AUTOMERCADO","0","621,18","USD $","EXENTO","UNI","Producto","","apto_con_mapeo"
"3307","75971816","MARGARINA NELLY DE 250 GR.","50001-DETAL DE SUPERMERCADO Y AUTOMERCADO","15","1.583,26","USD $","EXENTO","UNI","Producto","","apto_con_mapeo"
"3308","75971915","ATUN MARGARITA TROZOS DE 170 GR.","50001-DETAL DE SUPERMERCADO Y AUTOMERCADO","0","2.015,06","USD $","IVA1","UNI","Producto","","apto_con_mapeo"
"3309","75971922","ATUN MARGARITA EN ACITE DE 170 R.","50001-DETAL DE SUPERMERCADO Y AUTOMERCADO","6","3.727,10","USD $","IVA1","UNI","Producto","","apto_con_mapeo"
"3310","75971939","RIKESA CHEDDAR DE 200 GR.","50001-DETAL DE SUPERMERCADO Y AUTOMERCADO","17","4.196,77","USD $","IVA1","UNI","Producto","","apto_con_mapeo"
"3311","75971953","ATUN MARGARITA EN ACEITE DE 170 GR.","50001-DETAL DE SUPERMERCADO Y AUTOMERCADO","0","2.121,11","USD $","IVA1","UNI","Producto","","apto_con_mapeo"
"3591","76145513","CHOCOLATE TEBLORENE DE 50 GR.","50001-DETAL DE SUPERMERCADO Y AUTOMERCADO","23","2.568,06","USD $","IVA1","UNI","Producto","","apto_con_mapeo"
"3592","76145759","CHOCOLATE TOBLERONE DE 35 GR.","50001-DETAL DE SUPERMERCADO Y AUTOMERCADO","0","1.121,16","USD $","IVA1","UNI","Producto","","apto_con_mapeo"
"3719","77010148","CHOCOLATE JET 12 GR.","50001-DETAL DE SUPERMERCADO Y AUTOMERCADO","0","0","Bs.","IVA1","UNI","Producto","precio_venta_ausente_o_cero","revisar_antes_de_importar"
"4060","77035684","REFRESCO COCA COLA DE 250 ML.","50001-DETAL DE SUPERMERCADO Y AUTOMERCADO","-2","734,81","USD $","IVA1","UNI","Producto","existencia_negativa","revisar_antes_de_importar"
"4201","77944948","JUGO SOL AMADO DE MANZANA DE 1.5 LT.","50001-DETAL DE SUPERMERCADO Y AUTOMERCADO","-16","954,5","USD $","IVA1","UNI","Producto","existencia_negativa","revisar_antes_de_importar"
"4206","78004498","DESODORANTE STICK REXONA BAMBO DE 50 GR.","50001-DETAL DE SUPERMERCADO Y AUTOMERCADO","0","6.158,81","USD $","IVA1","UNI","Producto","","apto_con_mapeo"
"4207","78011847","SAPITO VARIADOS ARCOIRIS CHOCOLATE DE 10 GR.","50001-DETAL DE SUPERMERCADO Y AUTOMERCADO","27","265,14","USD $","IVA1","UNI","Producto","","apto_con_mapeo"
"4234","78084117","DESODORANTE REXONA COTTON DRY DAMA DE 50 GR.","50001-DETAL DE SUPERMERCADO Y AUTOMERCADO","0","5.499,74","USD $","IVA1","UNI","Producto","","apto_con_mapeo"
"4243","78405691","CIGARROS IBIZA DE 20 UNDS.","50001-DETAL DE SUPERMERCADO Y AUTOMERCADO","0","1.310,55","USD $","EXENTO","UNI","Producto","","apto_con_mapeo"
"4355","78916401","CARAMELOS MENTOS FRUTAS DE 29.5 GR,","50001-DETAL DE SUPERMERCADO Y AUTOMERCADO","10","674,21","USD $","IVA1","UNI","Producto","","apto_con_mapeo"
"4356","78916418","CARAMELOS MENTOS  MENTA DE 29.5 GR.","50001-DETAL DE SUPERMERCADO Y AUTOMERCADO","13","674,21","USD $","IVA1","UNI","Producto","","apto_con_mapeo"
"4357","78916968","CARMELOS MENTY DE FRESA DE 14 GR.","50001-DETAL DE SUPERMERCADO Y AUTOMERCADO","13","810,57","USD $","IVA1","UNI","Producto","","apto_con_mapeo"
"4358","78916982","MINI TAC MENTA MYNTI DE 14 GR.","50001-DETAL DE SUPERMERCADO Y AUTOMERCADO","21","810,57","USD $","IVA1","UNI","Producto","","apto_con_mapeo"
"4359","78917286","CARAMELOS MINTY NARANJA DE 14 GR.","50001-DETAL DE SUPERMERCADO Y AUTOMERCADO","8","560,58","USD $","IVA1","UNI","Producto","","apto_con_mapeo"
"4360","78917620","DUCREM DE 10 GR.","50001-DETAL DE SUPERMERCADO Y AUTOMERCADO","0","143,93","USD $","IVA1","UNI","Producto","","apto_con_mapeo"
"4362","78923454","DESODORANTE REXONA MEN V8 DE 50ML.","50001-DETAL DE SUPERMERCADO Y AUTOMERCADO","0","2.757,45","USD $","IVA1","UNI","Producto","","apto_con_mapeo"
"4363","78924192","MENTOS MANZANA VERDE DE 29.5 GR.","50001-DETAL DE SUPERMERCADO Y AUTOMERCADO","0","416,65","USD $","IVA1","UNI","Producto","","apto_con_mapeo"
"4364","78924345","DESODORANTE ROLLON DE BAMBO REXONA DE 50G GR.","50001-DETAL DE SUPERMERCADO Y AUTOMERCADO","0","2.871,08","USD $","IVA1","UNI","Producto","","apto_con_mapeo"
"4365","78924468","DESODORANTE DOVE ROLL ORIGUNAL DE 50 ML.","50001-DETAL DE SUPERMERCADO Y AUTOMERCADO","0","3.257,42","USD $","IVA1","UNI","Producto","","apto_con_mapeo"
"4367","78924895","DESODORANTE ROLLON REXONA MEN DE 50 ML","50001-DETAL DE SUPERMERCADO Y AUTOMERCADO","0","1.409,03","USD $","IVA1","UNI","Producto","","apto_con_mapeo"
"4368","78925281","CARAMELOS MENTOS FRESA 29.5 GR.","50001-DETAL DE SUPERMERCADO Y AUTOMERCADO","-3","674,21","USD $","IVA1","UNI","Producto","existencia_negativa","revisar_antes_de_importar"
"4369","78926523","DESODORANTE ROLLON EMOCIONAL DE 50 ML.","50001-DETAL DE SUPERMERCADO Y AUTOMERCADO","0","2.810,48","USD $","IVA1","UNI","Producto","","apto_con_mapeo"
"4370","78928978","CARAMELOS MINTY TAC EXTRA FUERTE DE 14 GR.","50001-DETAL DE SUPERMERCADO Y AUTOMERCADO","-1","340,89","USD $","IVA1","UNI","Producto","existencia_negativa","revisar_antes_de_importar"
"4371","78929395","DESODORANTE ROLLON EXTRA  ROLLON REXONA DE 50 ML","50001-DETAL DE SUPERMERCADO Y AUTOMERCADO","0","2.757,45","USD $","IVA1","UNI","Producto","","apto_con_mapeo"
"4374","78930643","CARAMELOS MENTOS TUTTI FRUTTI DE 29.5GR.","50001-DETAL DE SUPERMERCADO Y AUTOMERCADO","7","537,85","USD $","IVA1","UNI","Producto","","apto_con_mapeo"
"4375","78930650","CARAMELOS MENTOS MAGIC 29.5 GR.","50001-DETAL DE SUPERMERCADO Y AUTOMERCADO","30","674,21","USD $","IVA1","UNI","Producto","","apto_con_mapeo"
"4376","78933163","CARAMELOS MENTOS FRUTAS ROJAS 29.5 GR.","50001-DETAL DE SUPERMERCADO Y AUTOMERCADO","0","416,65","USD $","IVA1","UNI","Producto","","apto_con_mapeo"
"4377","78938847","CARAMELOS HALL DE FRUTILLA DE 28 GR.","50001-DETAL DE SUPERMERCADO Y AUTOMERCADO","3","727,24","USD $","IVA1","UNI","Producto","","apto_con_mapeo"
"4378","78938854","CARAMELOS HALLS DE SANDIA DE 28 GR.","50001-DETAL DE SUPERMERCADO Y AUTOMERCADO","2","727,24","USD $","IVA1","UNI","Producto","","apto_con_mapeo"
"4379","78939394","GALAK TUBITO DE 16 GR.","50001-DETAL DE SUPERMERCADO Y AUTOMERCADO","20","598,46","USD $","IVA1","UNI","Producto","","apto_con_mapeo"
"4549","80177173","NUTELLA DE 350 GR.","50001-DETAL DE SUPERMERCADO Y AUTOMERCADO","-3","6.961,80","USD $","IVA1","UNI","Producto","existencia_negativa","revisar_antes_de_importar"
"4582","80969112","KINDER JOY FIGURA DE 35 GR.","50001-DETAL DE SUPERMERCADO Y AUTOMERCADO","3","2.916,53","USD $","IVA1","UNI","Producto","","apto_con_mapeo"
"4718","86944090","HUEVITOS COSBY FUN AZUL DE 20 GR.","50001-DETAL DE SUPERMERCADO Y AUTOMERCADO","1","1.757,49","USD $","IVA1","UNI","Producto","","apto_con_mapeo"
"4719","86944106","HUEVITOS COSBY FUN ROSADO DE 20 GR.","50001-DETAL DE SUPERMERCADO Y AUTOMERCADO","4","1.757,49","USD $","IVA1","UNI","Producto","","apto_con_mapeo"
"4788","93196420","JUGO SOL AMADO DE NARANJA DE 300 ML.","50001-DETAL DE SUPERMERCADO Y AUTOMERCADO","2","499,98","USD $","IVA1","UNI","Producto","","apto_con_mapeo"
"4796","9862051143","JUGO DE NARANJA DE 200 ML.","50001-DETAL DE SUPERMERCADO Y AUTOMERCADO","6","681,79","USD $","IVA1","UNI","Producto","","apto_con_mapeo"
"4845","71648019","JUGO SOL AMADO DE NARANJA DE 1.5 LTS.","50001-DETAL DE SUPERMERCADO Y AUTOMERCADO","11","1.052,98","USD $","IVA1","UNI","Producto","","apto_con_mapeo"
"4867","73422006","JUGO SOL AMADO DE PERA DE 1.5","50001-DETAL DE SUPERMERCADO Y AUTOMERCADO","3","954,5","USD $","IVA1","UNI","Producto","","apto_con_mapeo"
"4981","75024956","DESODORANTE REXONA MEN V8 DE 50GR.","50001-DETAL DE SUPERMERCADO Y AUTOMERCADO","5","3.939,21","USD $","IVA1","UNI","Producto","","apto_con_mapeo"
"4982","75027971","BOMBONES CON MANI Y OBLEA DE 15 GR.","50001-DETAL DE SUPERMERCADO Y AUTOMERCADO","6","378,77","USD $","IVA1","UNI","Producto","","apto_con_mapeo"
"4983","75027988","BOMBONES RELLENOS CON MANI Y OBLEA DE 15 GR.","50001-DETAL DE SUPERMERCADO Y AUTOMERCADO","11","393,92","USD $","IVA1","UNI","Producto","","apto_con_mapeo"
"4985","75036935","CARAMELOS ALKA ICE DE 3.7 GR.","50001-DETAL DE SUPERMERCADO Y AUTOMERCADO","0","30,3","USD $","IVA1","UNI","Producto","","apto_con_mapeo"
"4986","75038687","DESODORANTE REXONA EXTRA COLL DE 50 GR.","50001-DETAL DE SUPERMERCADO Y AUTOMERCADO","12","5.583,07","USD $","IVA1","UNI","Producto","","apto_con_mapeo"
"4987","75045517","DESODORANTE SECRET ROLLON 60 GR.","50001-DETAL DE SUPERMERCADO Y AUTOMERCADO","0","0,03","Bs.","IVA1","UNI","Producto","","apto_con_mapeo"
"4988","75045555","DESODORANTE ROLL ON GILLETTE DE 60 GR.","50001-DETAL DE SUPERMERCADO Y AUTOMERCADO","0","0,02","Bs.","IVA1","UNI","Producto","","apto_con_mapeo"
"4989","75046224","DESODORANTE MEN DOVE INVISIBLE","50001-DETAL DE SUPERMERCADO Y AUTOMERCADO","0","5.113,40","USD $","IVA1","UNI","Producto","","apto_con_mapeo"
"4990","75046910","BOMBONES RELLENOS CON CHOC/OBLEA DE 15 GR.","50001-DETAL DE SUPERMERCADO Y AUTOMERCADO","0","0,01","Bs.","IVA1","UNI","Producto","","apto_con_mapeo"
"4991","75048082","DESODORANTE AXE BLACK DE 50 GR.","50001-DETAL DE SUPERMERCADO Y AUTOMERCADO","0","3.477,11","USD $","IVA1","UNI","Producto","","apto_con_mapeo"
"4992","75058838","DESODORANTE REXONA MEN ANTIBACTERIAL DE 50 GR.","50001-DETAL DE SUPERMERCADO Y AUTOMERCADO","2","6.158,81","USD $","IVA1","UNI","Producto","","apto_con_mapeo"
"4993","75060206","DESODORANTE AXE COLLISION DE 50 GR.","50001-DETAL DE SUPERMERCADO Y AUTOMERCADO","0","3.477,11","USD $","IVA1","UNI","Producto","","apto_con_mapeo"
"4994","75062798","DESODORANTE STICK REXONA TONO PREFECTO DE 45 GR.","50001-DETAL DE SUPERMERCADO Y AUTOMERCADO","6","5.583,07","USD $","IVA1","UNI","Producto","","apto_con_mapeo"
"4995","75062804","DESODORANTE REXONA TONO PERFECTO DE 50 GR.","50001-DETAL DE SUPERMERCADO Y AUTOMERCADO","1","2.643,82","USD $","IVA1","UNI","Producto","","apto_con_mapeo"
"4996","75062842","DESODORANTE DOVE INVISIBLE DE CARE DE 45 GR.","50001-DETAL DE SUPERMERCADO Y AUTOMERCADO","6","6.870,89","USD $","IVA1","UNI","Producto","","apto_con_mapeo"
"4997","75062910","DESODORANTE REXONA EN BARRA ACTIVE DE 45 GR.","50001-DETAL DE SUPERMERCADO Y AUTOMERCADO","0","5.583,07","USD $","IVA1","UNI","Producto","","apto_con_mapeo"
"4998","75062941","DEOSODRNATE REXONA STICK INVISIBLE DE 45 GR.","50001-DETAL DE SUPERMERCADO Y AUTOMERCADO","0","4.560,39","USD $","IVA1","UNI","Producto","","apto_con_mapeo"
"5023","75068684","DESODORANTE ROLLON SPORT DE REXONA DE 50  ML.","50001-DETAL DE SUPERMERCADO Y AUTOMERCADO","1","2.871,08","USD $","IVA1","UNI","Producto","","apto_con_mapeo"
"5024","75080150","DOSDORANTE BARRA DOVE INVISIBLE DRY DE 50 GR.","50001-DETAL DE SUPERMERCADO Y AUTOMERCADO","0","4.386,16","USD $","IVA1","UNI","Producto","","apto_con_mapeo"
"5068","75225481","NUTELLA DE 950 GR.","50001-DETAL DE SUPERMERCADO Y AUTOMERCADO","-3","15.226,57","USD $","IVA1","UNI","Producto","existencia_negativa","revisar_antes_de_importar"
"5267","75900441","JABON PANELA LA LLAVES TRADICIONAL DE 250 GR.","50001-DETAL DE SUPERMERCADO Y AUTOMERCADO","-6","1.295,39","USD $","IVA1","UNI","Producto","existencia_negativa","revisar_antes_de_importar"
"5268","75900557","AFEITADORA PIEL DELICADA EXACTA 2","50001-DETAL DE SUPERMERCADO Y AUTOMERCADO","8","802,99","USD $","IVA1","UNI","Producto","","apto_con_mapeo"
"5275","75901462","CIGARROS MARLBORO ROJO DE 20 UNDS.","50001-DETAL DE SUPERMERCADO Y AUTOMERCADO","0","2.568,06","USD $","EXENTO","UNI","Producto","","apto_con_mapeo"
"5276","75901677","JABON LAS LLAVES DE 250GR.","50001-DETAL DE SUPERMERCADO Y AUTOMERCADO","0","871,17","USD $","IVA1","UNI","Producto","","apto_con_mapeo"
"5279","75903169","BELMONT 20 UNIDADES","50001-DETAL DE SUPERMERCADO Y AUTOMERCADO","160","2.787,75","USD $","EXENTO","UNI","Producto","","apto_con_mapeo"
"5280","75903183","BELMONT DE  10 UNIDADES","50001-DETAL DE SUPERMERCADO Y AUTOMERCADO","1351","1.409,03","USD $","EXENTO","UNI","Producto","","apto_con_mapeo"
"5282","75903336","CIGARROS LUCKY STRIKE DE 20 UNIDADES","50001-DETAL DE SUPERMERCADO Y AUTOMERCADO","9","3.340,75","USD $","EXENTO","UNI","Producto","","apto_con_mapeo"
"5283","75903923","CIGARROS VICEROY DE 20 UNDS,","50001-DETAL DE SUPERMERCADO Y AUTOMERCADO","7","1.780,22","USD $","EXENTO","UNI","Producto","","apto_con_mapeo"
"5288","75904098","RIKESA CHEDDAR PICANTE DE 200 GR.","50001-DETAL DE SUPERMERCADO Y AUTOMERCADO","3","3.537,71","USD $","IVA1","UNI","Producto","","apto_con_mapeo"
"5289","75904210","MERMELADA DE FRESA VIENESA DE 240 GR.","50001-DETAL DE SUPERMERCADO Y AUTOMERCADO","0","2.749,87","USD $","IVA1","UNI","Producto","","apto_con_mapeo"
"5290","75904227","MERMELADA DE GUAYABA VIENESA DE 240 GR.","50001-DETAL DE SUPERMERCADO Y AUTOMERCADO","0","2.749,87","USD $","IVA1","UNI","Producto","","apto_con_mapeo"
"5291","75904319","HELADO TINITA MANTECADO EFE","50001-DETAL DE SUPERMERCADO Y AUTOMERCADO","0","0","Bs.","IVA1","UNI","Producto","precio_venta_ausente_o_cero","revisar_antes_de_importar"
"5292","75904326","HELADO TINITA CHOCOLATE EFE","50001-DETAL DE SUPERMERCADO Y AUTOMERCADO","0","0","Bs.","IVA1","UNI","Producto","precio_venta_ausente_o_cero","revisar_antes_de_importar"
"5294","75905132","MALTA BOTELLA REGIONAL RETORNABLE 222 CM","50001-DETAL DE SUPERMERCADO Y AUTOMERCADO","78","598,46","USD $","IVA1","UNI","Producto","","apto_con_mapeo"
"5295","75905149","MALTA REGIONAL DESECHABLE 250 CM","50001-DETAL DE SUPERMERCADO Y AUTOMERCADO","171","704,51","USD $","IVA1","UNI","Producto","","apto_con_mapeo"
"5296","75905156","MALTA REGIONAL 207 CM","50001-DETAL DE SUPERMERCADO Y AUTOMERCADO","-190","553","USD $","IVA1","UNI","Producto","existencia_negativa","revisar_antes_de_importar"
"5455","75910161111","TORONTO  CAJA","50001-DETAL DE SUPERMERCADO Y AUTOMERCADO","0","0","Bs.","IVA1","UNI","Producto","precio_venta_ausente_o_cero","revisar_antes_de_importar"
"5523","0","MOLDES REDONDO DE 22*13 CM","50001-DETAL DE SUPERMERCADO Y AUTOMERCADO","6","14.665,99","USD $","IVA1","UNI","Producto","codigo_duplicado","revisar_antes_de_importar"
"5524","11","PAN DE JAMON CON QUESO CREMA GRANDE","50001-DETAL DE SUPERMERCADO Y AUTOMERCADO","-5","18.938,52","USD $","IVA1","UNI","Producto","codigo_duplicado|existencia_negativa","revisar_antes_de_importar"
"5525","12","PAN DE A LOCHA POR UNIDAD","50001-DETAL DE SUPERMERCADO Y AUTOMERCADO","1342","70","Bs.","EXENTO","UNI","Producto","codigo_duplicado","revisar_antes_de_importar"
"5526","15","TOSTADITAS PARA ENSALADA CESAR","50001-DETAL DE SUPERMERCADO Y AUTOMERCADO","-465","787,84","USD $","IVA1","UNI","Producto","codigo_duplicado|existencia_negativa","revisar_antes_de_importar"
"5527","2","PAN DE JAMON CON QUESO CREMA PEQUEÑO","50001-DETAL DE SUPERMERCADO Y AUTOMERCADO","-600","11.363,11","USD $","IVA1","UNI","Producto","codigo_duplicado|existencia_negativa","revisar_antes_de_importar"
"5528","23","COMBO PAN DE JAMON Y REFRESCOS 2 LT","50001-DETAL DE SUPERMERCADO Y AUTOMERCADO","-1","9.848,03","USD $","IVA1","UNI","Producto","codigo_duplicado|existencia_negativa","revisar_antes_de_importar"
"5529","26","PERNIL RELLENO","50001-DETAL DE SUPERMERCADO Y AUTOMERCADO","-8,114","18.938,52","USD $","IVA1","KG","Producto","codigo_duplicado|existencia_negativa","revisar_antes_de_importar"
"5530","27","SANDWICH PICADO POR MITAD","50001-DETAL DE SUPERMERCADO Y AUTOMERCADO","0","1.795,37","USD $","IVA1","UNI","Producto","codigo_duplicado","revisar_antes_de_importar"
"5531","28","BLOQUE","50001-DETAL DE SUPERMERCADO Y AUTOMERCADO","-44","1.212,06","USD $","IVA1","UNI","Producto","codigo_duplicado|existencia_negativa","revisar_antes_de_importar"
"5532","35","PAN DE ACEMITA CON QUESO PEQUEÑO","50001-DETAL DE SUPERMERCADO Y AUTOMERCADO","0","151,51","USD $","IVA1","UNI","Producto","codigo_duplicado","revisar_antes_de_importar"
"5533","36","QUESO AMARILLO BOLA BRISAS DE CAMPO","50001-DETAL DE SUPERMERCADO Y AUTOMERCADO","19,2","8.908,68","USD $","IVA1","KG","Producto","codigo_duplicado","revisar_antes_de_importar"
"5534","38","TOMATE POR KILO","50001-DETAL DE SUPERMERCADO Y AUTOMERCADO","0","0","USD $","IVA1","KG","Producto","codigo_duplicado|precio_venta_ausente_o_cero","revisar_antes_de_importar"
"5535","39","PAPA POR KILO","50001-DETAL DE SUPERMERCADO Y AUTOMERCADO","0","0","USD $","IVA1","KG","Producto","codigo_duplicado|precio_venta_ausente_o_cero","revisar_antes_de_importar"
"5536","62","CONITOS DE CHOCOLATE CON LECHE RELLENO DE MANI","50001-DETAL DE SUPERMERCADO Y AUTOMERCADO","0","106,06","USD $","IVA1","UNI","Producto","codigo_duplicado","revisar_antes_de_importar"
"5537","67","PAN DE GUAYABA PICADO","50001-DETAL DE SUPERMERCADO Y AUTOMERCADO","0","689,36","USD $","IVA1","UNI","Producto","codigo_duplicado","revisar_antes_de_importar"
"5538","68","ROSCA DE CHOCOLATE","50001-DETAL DE SUPERMERCADO Y AUTOMERCADO","-4","3.408,93","USD $","IVA1","UNI","Producto","codigo_duplicado|existencia_negativa","revisar_antes_de_importar"
"5539","72","VASO DOMO MELOCOTON","50001-DETAL DE SUPERMERCADO Y AUTOMERCADO","0","2.499,88","USD $","IVA1","UNI","Producto","codigo_duplicado","revisar_antes_de_importar"
"5540","9","PAN DE JAMON AL MAYOR PEQUEÑO MAS 10","50001-DETAL DE SUPERMERCADO Y AUTOMERCADO","0","6.060,32","USD $","IVA1","UNI","Producto","codigo_duplicado","revisar_antes_de_importar"
"5541","361","CHORIZO ALPINO","50001-DETAL DE SUPERMERCADO Y AUTOMERCADO","-0,434","36.960,41","USD $","IVA1","KG","Producto","codigo_duplicado|existencia_negativa","revisar_antes_de_importar"
"5542","100","DULCE TRES LECHE GRANDE","50001-DETAL DE SUPERMERCADO Y AUTOMERCADO","0","2.045,36","USD $","IVA1","UNI","Producto","codigo_duplicado","revisar_antes_de_importar"
"5543","109","AZUCAR DETALLADA POR KILO","50001-DETAL DE SUPERMERCADO Y AUTOMERCADO","-3","1.257,52","USD $","EXENTO","UNI","Producto","codigo_duplicado|existencia_negativa","revisar_antes_de_importar"
"5544","114","BROWNIE","50001-DETAL DE SUPERMERCADO Y AUTOMERCADO","0","1.212,06","USD $","IVA1","UNI","Producto","codigo_duplicado","revisar_antes_de_importar"
"5545","115","PAN CAMPESINO PARA BODEGA","50001-DETAL DE SUPERMERCADO Y AUTOMERCADO","-1167","500","Bs.","IVA1","UNI","Producto","codigo_duplicado|existencia_negativa","revisar_antes_de_importar"
"5546","116","DONAS","50001-DETAL DE SUPERMERCADO Y AUTOMERCADO","-75","1.439,33","USD $","IVA1","UNI","Producto","existencia_negativa","revisar_antes_de_importar"
"5547","117","DULCE DE MANZANA","50001-DETAL DE SUPERMERCADO Y AUTOMERCADO","-28","1.477,20","USD $","IVA1","UNI","Producto","existencia_negativa","revisar_antes_de_importar"
"5548","118","PAN DE MANTEQUILLA PARA BODEGA","50001-DETAL DE SUPERMERCADO Y AUTOMERCADO","0","32","Bs.","EXENTO","UNI","Producto","","apto_con_mapeo"
"5549","120","BESITOS DE COCO","50001-DETAL DE SUPERMERCADO Y AUTOMERCADO","-18","530,28","USD $","IVA1","UNI","Producto","existencia_negativa","revisar_antes_de_importar"
"5550","121","CATALINA EN BOLSA DE 10 UNDS.","50001-DETAL DE SUPERMERCADO Y AUTOMERCADO","-96","2.121,11","USD $","IVA1","UNI","Producto","existencia_negativa","revisar_antes_de_importar"
"5551","122","CATALINAS EN BOLSA DE 5 UNDS.","50001-DETAL DE SUPERMERCADO Y AUTOMERCADO","-962","1.060,56","USD $","IVA1","UNI","Producto","existencia_negativa","revisar_antes_de_importar"
"5552","123","TRENZAS DE FRUTAS","50001-DETAL DE SUPERMERCADO Y AUTOMERCADO","0","3.787,70","USD $","IVA1","UNI","Producto","","apto_con_mapeo"
"5553","124","TRENZAS DE MANZANA","50001-DETAL DE SUPERMERCADO Y AUTOMERCADO","0","3.787,70","USD $","IVA1","UNI","Producto","","apto_con_mapeo"
"5554","125","TRENZAS DE CHOCOLATE","50001-DETAL DE SUPERMERCADO Y AUTOMERCADO","0","0","Bs.","IVA1","UNI","Producto","precio_venta_ausente_o_cero","revisar_antes_de_importar"
"5555","126","ROSCAS DANESA","50001-DETAL DE SUPERMERCADO Y AUTOMERCADO","0","5.302,78","USD $","IVA1","UNI","Producto","","apto_con_mapeo"
"5556","127","PAN POPULAR","50001-DETAL DE SUPERMERCADO Y AUTOMERCADO","0","6","Bs.","EXENTO","UNI","Producto","","apto_con_mapeo"
"5557","128","COMBO DE 2 DULCES SECOS","50001-DETAL DE SUPERMERCADO Y AUTOMERCADO","-14","2.575,64","USD $","IVA1","UNI","Producto","codigo_duplicado|existencia_negativa","revisar_antes_de_importar"
"5558","130","COMBO DE  10  SEÑORITAS","50001-DETAL DE SUPERMERCADO Y AUTOMERCADO","-110","1.363,57","USD $","EXENTO","UNI","Producto","codigo_duplicado|existencia_negativa","revisar_antes_de_importar"
"5559","132","COMBO DE 10 MINI PAN DE COCO","50001-DETAL DE SUPERMERCADO Y AUTOMERCADO","-4299","757,54","USD $","IVA1","UNI","Producto","existencia_negativa","revisar_antes_de_importar"
"5560","133","COMBO DE 10 MINI PIÑITAS","50001-DETAL DE SUPERMERCADO Y AUTOMERCADO","-5763","757,54","USD $","IVA1","UNI","Producto","existencia_negativa","revisar_antes_de_importar"
"5561","137","COMBO DE TRES DULCES GRANDES","50001-DETAL DE SUPERMERCADO Y AUTOMERCADO","-1624","4.848,26","USD $","IVA1","UNI","Producto","existencia_negativa","revisar_antes_de_importar"
"5562","138","COMBO DE 3 DULCES FRIOS PEQUEÑOS","50001-DETAL DE SUPERMERCADO Y AUTOMERCADO","-1107","2.045,36","USD $","IVA1","UNI","Producto","existencia_negativa","revisar_antes_de_importar"
"5563","139","PAN DE AVENA","50001-DETAL DE SUPERMERCADO Y AUTOMERCADO","-1","553","USD $","EXENTO","UNI","Producto","codigo_duplicado|existencia_negativa","revisar_antes_de_importar"
"5564","156","COMBO DE MINI PAN DULCE SURTIDOS 23 UNIDADES (PINITA,COCO Y GUAYABA)","50001-DETAL DE SUPERMERCADO Y AUTOMERCADO","-24","1.893,85","USD $","IVA1","UNI","Producto","existencia_negativa","revisar_antes_de_importar"
"5565","157","COMBO DE 6 CANILLAS","50001-DETAL DE SUPERMERCADO Y AUTOMERCADO","-5","1.515,08","USD $","EXENTO","UNI","Producto","existencia_negativa","revisar_antes_de_importar"
"5566","158","COMBOO DE 6 CAMPESINOS","50001-DETAL DE SUPERMERCADO Y AUTOMERCADO","0","770","Bs.","EXENTO","UNI","Producto","","apto_con_mapeo"
"5567","159","JAMON DE PIERNA ECONOMICO","50001-DETAL DE SUPERMERCADO Y AUTOMERCADO","1198,388","6.037,60","USD $","IVA1","KG","Producto","","apto_con_mapeo"
"5568","160","JAMON DE FIAMBRE ECONOMICO","50001-DETAL DE SUPERMERCADO Y AUTOMERCADO","89,686","6.689,08","USD $","IVA1","KG","Producto","","apto_con_mapeo"
"5569","161","PONQUESITOS DE COCO","50001-DETAL DE SUPERMERCADO Y AUTOMERCADO","-1748","1.136,31","USD $","IVA1","UNI","Producto","existencia_negativa","revisar_antes_de_importar"
"5570","192","ACEITE CORPORAL DE EUCALIPTO 200 ML","50001-DETAL DE SUPERMERCADO Y AUTOMERCADO","4","3.295,30","USD $","IVA1","UNI","Producto","","apto_con_mapeo"
"5571","250","GUAYABA DE 20 KG.","50001-DETAL DE SUPERMERCADO Y AUTOMERCADO","15","64.565,19","USD $","IVA1","UNI","Producto","codigo_duplicado","revisar_antes_de_importar"
"5572","291","LECHE LIQUIDA DAIRY DE 900 ML","50001-DETAL DE SUPERMERCADO Y AUTOMERCADO","0","1.219,64","USD $","EXENTO","UNI","Producto","codigo_duplicado","revisar_antes_de_importar"
"5573","292","PAN DE MANTEQUILLA GRANDE","50001-DETAL DE SUPERMERCADO Y AUTOMERCADO","0","210","Bs.","EXENTO","UNI","Producto","codigo_duplicado","revisar_antes_de_importar"
"5574","293","LECHE LIQUIDA COMPLETA DE LA MONTAÑA DE 1.8 CC","50001-DETAL DE SUPERMERCADO Y AUTOMERCADO","0","2.151,42","USD $","EXENTO","UNI","Producto","codigo_duplicado","revisar_antes_de_importar"
"5575","502","CARAMELOS LOKIÑOS PINTA LENGUA","50001-DETAL DE SUPERMERCADO Y AUTOMERCADO","-4","106,06","USD $","IVA1","UNI","Producto","codigo_duplicado|existencia_negativa","revisar_antes_de_importar"
"5576","520","OREJON DE MANZANA","50001-DETAL DE SUPERMERCADO Y AUTOMERCADO","19,056","21.309,62","USD $","EXENTO","KG","Producto","codigo_duplicado","revisar_antes_de_importar"
"5577","54","CATALINA BLANCA","50001-DETAL DE SUPERMERCADO Y AUTOMERCADO","-383","196,96","USD $","IVA1","UNI","Producto","existencia_negativa","revisar_antes_de_importar"
"5578","55","CATALINA MORENA","50001-DETAL DE SUPERMERCADO Y AUTOMERCADO","-708","227,26","USD $","IVA1","UNI","Producto","existencia_negativa","revisar_antes_de_importar"
"5579","560","TRUFAS","50001-DETAL DE SUPERMERCADO Y AUTOMERCADO","-20","757,54","USD $","IVA1","UNI","Producto","codigo_duplicado|existencia_negativa","revisar_antes_de_importar"
"5580","564","MINI PAN DE JAMON","50001-DETAL DE SUPERMERCADO Y AUTOMERCADO","-1535","1.893,85","USD $","IVA1","UNI","Producto","codigo_duplicado|existencia_negativa","revisar_antes_de_importar"
"5581","565","COMBO DE 18 PANES A LOCHA","50001-DETAL DE SUPERMERCADO Y AUTOMERCADO","-40424","1.439,33","USD $","EXENTO","UNI","Producto","codigo_duplicado|existencia_negativa","revisar_antes_de_importar"
"5582","568","PANQUE EN BANDEJA DECORADA","50001-DETAL DE SUPERMERCADO Y AUTOMERCADO","-21","3.484,69","USD $","EXENTO","UNI","Producto","codigo_duplicado|existencia_negativa","revisar_antes_de_importar"
"5583","596","PLATOS DE CARTON NUMERO 9","50001-DETAL DE SUPERMERCADO Y AUTOMERCADO","500","90,9","USD $","IVA1","UNI","Producto","codigo_duplicado","revisar_antes_de_importar"
"5584","603","SUERO DE LEHE LA MONTAÑA DE 500 GR.","50001-DETAL DE SUPERMERCADO Y AUTOMERCADO","0","1.022,68","USD $","EXENTO","UNI","Producto","codigo_duplicado","revisar_antes_de_importar"
"5585","604","SUEO DE LECHE PICANTE DE 500 GR.","50001-DETAL DE SUPERMERCADO Y AUTOMERCADO","2","1.022,68","USD $","EXENTO","UNI","Producto","codigo_duplicado","revisar_antes_de_importar"
"5586","605","SUERO CREMOSO LA CASONA","50001-DETAL DE SUPERMERCADO Y AUTOMERCADO","3","1.977,18","USD $","IVA1","UNI","Producto","codigo_duplicado","revisar_antes_de_importar"
"5587","680","AZUCAR DE 50 KG. MONTALBAN","50001-DETAL DE SUPERMERCADO Y AUTOMERCADO","10","56.247,39","USD $","EXENTO","UNI","Producto","codigo_duplicado","revisar_antes_de_importar"
"5588","681","NUTELLA DE 750 GR.","50001-DETAL DE SUPERMERCADO Y AUTOMERCADO","3","14.734,16","USD $","IVA1","UNI","Producto","","apto_con_mapeo"
"5589","682","PANO AMARILLO","50001-DETAL DE SUPERMERCADO Y AUTOMERCADO","0","1.371,15","USD $","IVA1","UNI","Producto","codigo_duplicado","revisar_antes_de_importar"
"5590","683","LLUVIA  DE COLORES DE 1 KILO","50001-DETAL DE SUPERMERCADO Y AUTOMERCADO","24","9.560,16","USD $","IVA1","UNI","Producto","","apto_con_mapeo"
"5591","684","LLUVIA DE CHOCOLATE DE 1 KG.","50001-DETAL DE SUPERMERCADO Y AUTOMERCADO","12","8.242,04","USD $","IVA1","UNI","Producto","codigo_duplicado","revisar_antes_de_importar"
"5592","685","NUTCAD CREMA DE AVELLANA DE 4.6 KG.","50001-DETAL DE SUPERMERCADO Y AUTOMERCADO","40","43.702,52","USD $","IVA1","UNI","Producto","codigo_duplicado","revisar_antes_de_importar"
"5593","686","ACEITE RECONSTITUYENTE DE CARTIGOLO DE TIBURON DE 200 ML.","50001-DETAL DE SUPERMERCADO Y AUTOMERCADO","4","3.295,30","USD $","IVA1","UNI","Producto","codigo_duplicado","revisar_antes_de_importar"
"5594","709","QUESADILLA","50001-DETAL DE SUPERMERCADO Y AUTOMERCADO","-50","1.439,33","USD $","IVA1","UNI","Producto","codigo_duplicado|existencia_negativa","revisar_antes_de_importar"
"5595","76","PAN DULCE SURTIDO PAQUETE DE 4 UNDS.","50001-DETAL DE SUPERMERCADO Y AUTOMERCADO","0","48","Bs.","IVA1","UNI","Producto","codigo_duplicado","revisar_antes_de_importar"
"5596","78","MINI QUESADILLA","50001-DETAL DE SUPERMERCADO Y AUTOMERCADO","13","583,31","USD $","IVA1","UNI","Producto","","apto_con_mapeo"
"5597","810","CEREZA ROJA MARRASQUINO LATA 3 KG.","50001-DETAL DE SUPERMERCADO Y AUTOMERCADO","3","40.664,78","USD $","IVA1","UNI","Producto","codigo_duplicado","revisar_antes_de_importar"
"5598","811","CUCHILLO CHEFDE 30 CM ACERO INOXIDABEL","50001-DETAL DE SUPERMERCADO Y AUTOMERCADO","1","75.791,94","USD $","IVA1","UNI","Producto","codigo_duplicado","revisar_antes_de_importar"
"5599","812","MANGA PASTELERA Nº 7-60","50001-DETAL DE SUPERMERCADO Y AUTOMERCADO","3","12.340,34","USD $","IVA1","UNI","Producto","codigo_duplicado","revisar_antes_de_importar"
"5600","84","TORTA NEGRA PEQUEÑA","50001-DETAL DE SUPERMERCADO Y AUTOMERCADO","-93","3.787,70","USD $","IVA1","UNI","Producto","existencia_negativa","revisar_antes_de_importar"
"5601","840","PANQUE DE CORAZON DECORADO","50001-DETAL DE SUPERMERCADO Y AUTOMERCADO","-23","3.030,16","USD $","IVA1","UNI","Producto","codigo_duplicado|existencia_negativa","revisar_antes_de_importar"
"5602","85","MINI DONA","50001-DETAL DE SUPERMERCADO Y AUTOMERCADO","0","681,79","USD $","IVA1","UNI","Producto","","apto_con_mapeo"
"5603","867","JAMON DE PAVO PLUMROSE","50001-DETAL DE SUPERMERCADO Y AUTOMERCADO","49012,982","14.385,70","USD $","IVA1","KG","Producto","codigo_duplicado","revisar_antes_de_importar"
"5604","868","JAMON DE PAVO FIESTA","50001-DETAL DE SUPERMERCADO Y AUTOMERCADO","18,332","10.688,90","USD $","IVA1","KG","Producto","","apto_con_mapeo"
"5605","87","MINI CARACOLA","50001-DETAL DE SUPERMERCADO Y AUTOMERCADO","0","621,18","USD $","IVA1","UNI","Producto","","apto_con_mapeo"
"5606","88","MINI SUSPIROS","50001-DETAL DE SUPERMERCADO Y AUTOMERCADO","-5","424,22","USD $","IVA1","UNI","Producto","existencia_negativa","revisar_antes_de_importar"
"5607","89","PONQUESITOS","50001-DETAL DE SUPERMERCADO Y AUTOMERCADO","-60","1.136,31","USD $","IVA1","UNI","Producto","existencia_negativa","revisar_antes_de_importar"
"5608","905","AREQUIPE DON PEDRO","50001-DETAL DE SUPERMERCADO Y AUTOMERCADO","10","20.264,21","USD $","IVA1","UNI","Producto","codigo_duplicado","revisar_antes_de_importar"
"5609","906","AREQUIPE DE FLOWER DE 5 KG.","50001-DETAL DE SUPERMERCADO Y AUTOMERCADO","10","35.801,37","USD $","IVA1","UNI","Producto","codigo_duplicado","revisar_antes_de_importar"
"5610","93","TORTA PORCION","50001-DETAL DE SUPERMERCADO Y AUTOMERCADO","-3","1.212,06","USD $","IVA1","UNI","Producto","existencia_negativa","revisar_antes_de_importar"
"5611","950","DANDY DE UN KILO","50001-DETAL DE SUPERMERCADO Y AUTOMERCADO","3","16.787,10","USD $","IVA1","UNI","Producto","codigo_duplicado","revisar_antes_de_importar"
"5612","96","DULCES TRES LECHE","50001-DETAL DE SUPERMERCADO Y AUTOMERCADO","-1","1.969,61","USD $","IVA1","UNI","Producto","existencia_negativa","revisar_antes_de_importar"
"5613","97","ROSCAS GRANDES","50001-DETAL DE SUPERMERCADO Y AUTOMERCADO","0","6.817,87","USD $","IVA1","UNI","Producto","","apto_con_mapeo"
"5614","980","RELAX DE 5 KG.","50001-DETAL DE SUPERMERCADO Y AUTOMERCADO","2","68.193,80","USD $","IVA1","UNI","Producto","codigo_duplicado","revisar_antes_de_importar"
"5615","9800007615","CARAMELOS TIC TAC FRESHMINTS DE 29 GR.","50001-DETAL DE SUPERMERCADO Y AUTOMERCADO","0","2.621,09","USD $","IVA1","UNI","Producto","","apto_con_mapeo"
"5616","9800007677","CARAMELOS TIC TAC WINTERGREEN DE 29 GR.","50001-DETAL DE SUPERMERCADO Y AUTOMERCADO","0","2.621,09","USD $","IVA1","UNI","Producto","","apto_con_mapeo"
"5617","9800802203","NUTELLA DE 200 GR.","50001-DETAL DE SUPERMERCADO Y AUTOMERCADO","6","4.545,24","USD $","IVA1","UNI","Producto","","apto_con_mapeo"
"5618","9800892259","NUTELLA DE 750 GR.","50001-DETAL DE SUPERMERCADO Y AUTOMERCADO","-1","14.734,16","USD $","IVA1","UNI","Producto","existencia_negativa","revisar_antes_de_importar"
"5619","9800895007","NUTELLA DE 371 GR.","50001-DETAL DE SUPERMERCADO Y AUTOMERCADO","4","7.355,72","USD $","IVA1","UNI","Producto","","apto_con_mapeo"
"5620","985234","CHOCOLATE KINDER JOY DE 20 GR.","50001-DETAL DE SUPERMERCADO Y AUTOMERCADO","0","2.742,30","USD $","IVA1","UNI","Producto","","apto_con_mapeo"
"5621","985331","CHOCOLATE KINDER JOY DE 20 GR.","50001-DETAL DE SUPERMERCADO Y AUTOMERCADO","0","2.348,38","USD $","IVA1","UNI","Producto","","apto_con_mapeo"
"5622","986","AREQUIPE THOOR DE 5 KG.","50001-DETAL DE SUPERMERCADO Y AUTOMERCADO","4","23.620,12","USD $","EXENTO","UNI","Producto","","apto_con_mapeo"
"5623","986932","CHOCOLATE KINDER JOY DE 20 GR.","50001-DETAL DE SUPERMERCADO Y AUTOMERCADO","0","3.363,48","USD $","IVA1","UNI","Producto","","apto_con_mapeo"
"5624","99","TORTA NEGRA ARBOLITO","50001-DETAL DE SUPERMERCADO Y AUTOMERCADO","-15","5.302,78","USD $","IVA1","UNI","Producto","existencia_negativa","revisar_antes_de_importar"
"5625","100","JUGO DE NARANJA YARACUY 2 LT","50001-DETAL DE SUPERMERCADO Y AUTOMERCADO","0","0","Bs.","IVA1","UNI","Producto","codigo_duplicado|precio_venta_ausente_o_cero","revisar_antes_de_importar"
"5626","101","COMBO DE REFRESCO","50001-DETAL DE SUPERMERCADO Y AUTOMERCADO","0","0,3","Bs.","IVA1","UNI","Producto","codigo_duplicado","revisar_antes_de_importar"
"5627","103","LECHE CORDILLERA 1.8 ML","50001-DETAL DE SUPERMERCADO Y AUTOMERCADO","0","0","Bs.","IVA1","UNI","Producto","codigo_duplicado|precio_venta_ausente_o_cero","revisar_antes_de_importar"
"5628","104","LECHE YARACUY","50001-DETAL DE SUPERMERCADO Y AUTOMERCADO","0","0","Bs.","IVA1","UNI","Producto","codigo_duplicado|precio_venta_ausente_o_cero","revisar_antes_de_importar"
"5629","105","LECHE PALMILAK DE 1.800 ML","50001-DETAL DE SUPERMERCADO Y AUTOMERCADO","0","0,02","Bs.","IVA1","UNI","Producto","codigo_duplicado","revisar_antes_de_importar"
"5630","106","MINI PASTILLAS DE 10 GR.","50001-DETAL DE SUPERMERCADO Y AUTOMERCADO","0","0","Bs.","IVA1","UNI","Producto","codigo_duplicado|precio_venta_ausente_o_cero","revisar_antes_de_importar"
"5631","107","BOCADILLOS DE PLATANO","50001-DETAL DE SUPERMERCADO Y AUTOMERCADO","0","212,11","USD $","IVA1","UNI","Producto","codigo_duplicado","revisar_antes_de_importar"
"5632","108","BOCADILLOS DE GUAYABA","50001-DETAL DE SUPERMERCADO Y AUTOMERCADO","0","727,24","USD $","IVA1","UNI","Producto","codigo_duplicado","revisar_antes_de_importar"
"5633","109","BOCADILLOS DE GUAYABA CON LECHE","50001-DETAL DE SUPERMERCADO Y AUTOMERCADO","0","727,24","USD $","IVA1","UNI","Producto","codigo_duplicado","revisar_antes_de_importar"
"5634","110","MANTEQUILLA MONTE ADENTRO DE 10 KG.","50001-DETAL DE SUPERMERCADO Y AUTOMERCADO","0","7,67","Bs.","EXENTO","KG","Producto","codigo_duplicado","revisar_antes_de_importar"
"5635","111","GALLETA OREO PAQUETE 6 UNDS.","50001-DETAL DE SUPERMERCADO Y AUTOMERCADO","-2","1.030,26","USD $","IVA1","UNI","Producto","codigo_duplicado|existencia_negativa","revisar_antes_de_importar"
"5636","11111610736","JABON DOVE DE 75 GR.","50001-DETAL DE SUPERMERCADO Y AUTOMERCADO","0","3.189,25","USD $","IVA1","UNI","Producto","","apto_con_mapeo"
"5637","112","GALLETA ORO AMERICANO DE 6 UNDS.","50001-DETAL DE SUPERMERCADO Y AUTOMERCADO","0","1.439,33","USD $","IVA1","UNI","Producto","codigo_duplicado","revisar_antes_de_importar"
"5638","11210000155","SALSA PICANTE TABASCO DE 150 CC.","50001-DETAL DE SUPERMERCADO Y AUTOMERCADO","4","12.885,77","USD $","IVA1","UNI","Producto","","apto_con_mapeo"
"5639","11210115132","SALSA PICANTE TABASCO DE 60 CC.","50001-DETAL DE SUPERMERCADO Y AUTOMERCADO","0","3.658,92","USD $","EXENTO","UNI","Producto","","apto_con_mapeo"
"5640","113","GALLETA ORO VAINILLA DE 6 UNDS.","50001-DETAL DE SUPERMERCADO Y AUTOMERCADO","0","1.439,33","USD $","IVA1","UNI","Producto","codigo_duplicado","revisar_antes_de_importar"
"5641","114","PAPEL HIGIENICO POR UNIDAD","50001-DETAL DE SUPERMERCADO Y AUTOMERCADO","0","696,94","USD $","IVA1","UNI","Producto","codigo_duplicado","revisar_antes_de_importar"
"5642","115","MONEDAS DE CHOCOLATE","50001-DETAL DE SUPERMERCADO Y AUTOMERCADO","-307","106,06","USD $","IVA1","UNI","Producto","codigo_duplicado|existencia_negativa","revisar_antes_de_importar"
"5643","12546011075","CHICLE TRIDENT SPEARMINT DE 1.9 GR.","50001-DETAL DE SUPERMERCADO Y AUTOMERCADO","-13","1.977,18","USD $","IVA1","UNI","Producto","existencia_negativa","revisar_antes_de_importar"
"5644","12546011099","CHICLE TRIDENT DE MENTA 1.9 GR.","50001-DETAL DE SUPERMERCADO Y AUTOMERCADO","10","1.977,18","USD $","IVA1","UNI","Producto","","apto_con_mapeo"
"5645","12546011426","CHICLE TRIDENT PERFECT PEPPERMINT DE 1.9 GR.","50001-DETAL DE SUPERMERCADO Y AUTOMERCADO","3","1.757,49","USD $","IVA1","UNI","Producto","","apto_con_mapeo"
"5646","12546011440","CHICLE TRIDENT BUBBLEGUM DE 1.9 GR.","50001-DETAL DE SUPERMERCADO Y AUTOMERCADO","0","2.545,34","USD $","IVA1","UNI","Producto","","apto_con_mapeo"
"5647","12546011471","CHICLE TRIDENT  DE CANELA DE","50001-DETAL DE SUPERMERCADO Y AUTOMERCADO","1","1.757,49","USD $","IVA1","UNI","Producto","","apto_con_mapeo"
"5648","12546011495","CHICLE TRIDENT MINT BLISS DE 1.9 GR.","50001-DETAL DE SUPERMERCADO Y AUTOMERCADO","5","1.977,18","USD $","IVA1","UNI","Producto","","apto_con_mapeo"
"5649","12546011563","CHICLE TRIDENT MINTY TWIST DE 1.9 GR.","50001-DETAL DE SUPERMERCADO Y AUTOMERCADO","-1","1.977,18","USD $","IVA1","UNI","Producto","existencia_negativa","revisar_antes_de_importar"
"5650","12546011587","CHICLE TRIDENT DE PIÑA DE 1.9 KG.","50001-DETAL DE SUPERMERCADO Y AUTOMERCADO","2","1.757,49","USD $","IVA1","UNI","Producto","","apto_con_mapeo"
"5651","12546011600","CHICLE TRIDENT DE FRESA DE 1.9 GR.","50001-DETAL DE SUPERMERCADO Y AUTOMERCADO","-3","1.757,49","USD $","IVA1","UNI","Producto","existencia_negativa","revisar_antes_de_importar"
"5652","12546011624","CHICLE TRIDENT WINTERGREEN DE 1.9 GR.","50001-DETAL DE SUPERMERCADO Y AUTOMERCADO","2","1.757,49","USD $","IVA1","UNI","Producto","","apto_con_mapeo"
"5653","130","DOS CAMPESINOS","50001-DETAL DE SUPERMERCADO Y AUTOMERCADO","0","495","Bs.","EXENTO","UNI","Producto","codigo_duplicado","revisar_antes_de_importar"
"5654","13409128459","SALSA BBQ SWEET BABY DE 1.13 GR.","50001-DETAL DE SUPERMERCADO Y AUTOMERCADO","0","9.878,33","USD $","IVA1","UNI","Producto","","apto_con_mapeo"
"5655","13409451328","SALSA BBQ SWEET BABY RAYS 1.13 GR","50001-DETAL DE SUPERMERCADO Y AUTOMERCADO","0","9.878,33","USD $","IVA1","UNI","Producto","","apto_con_mapeo"
"5656","136","LECHE GUARALACT DE 1800 CM","50001-DETAL DE SUPERMERCADO Y AUTOMERCADO","0","0,02","Bs.","EXENTO","UNI","Producto","codigo_duplicado","revisar_antes_de_importar"
"5657","1373501","SALSA DE TOMATE HEINZ DE 1.25 KG.","50001-DETAL DE SUPERMERCADO Y AUTOMERCADO","0","4.386,16","USD $","IVA1","UNI","Producto","","apto_con_mapeo"
"5658","139","COMBO DE 8 MINI BOMBAS","50001-DETAL DE SUPERMERCADO Y AUTOMERCADO","-1311","1.515,08","USD $","IVA1","UNI","Producto","codigo_duplicado|existencia_negativa","revisar_antes_de_importar"
"5659","13964656718","PAPEL ALUMINO MASTER FOIL 8 CM","50001-DETAL DE SUPERMERCADO Y AUTOMERCADO","0","0","Bs.","IVA1","UNI","Producto","precio_venta_ausente_o_cero","revisar_antes_de_importar"
"5660","18741010028","CEPILLO DE BARRER DALIA GRANDE PALMA","50001-DETAL DE SUPERMERCADO Y AUTOMERCADO","12","4.552,82","USD $","IVA1","UNI","Producto","","apto_con_mapeo"
"5661","18804002397","CHICLE CANELS DE 8.1 GR.","50001-DETAL DE SUPERMERCADO Y AUTOMERCADO","0","280,29","USD $","IVA1","UNI","Producto","","apto_con_mapeo"
"5662","18804700927","CARAMELOS MASTICABLES FRUTAS  TUENI 14 GR,","50001-DETAL DE SUPERMERCADO Y AUTOMERCADO","0","151,51","USD $","IVA1","UNI","Producto","","apto_con_mapeo"
"5663","190","PANETONE DE CHOCOLATE PEQUEÑOS 100 GR","50001-DETAL DE SUPERMERCADO Y AUTOMERCADO","-144","1.893,85","USD $","IVA1","UNI","Producto","existencia_negativa","revisar_antes_de_importar"
"5664","1922101","CARAMELOS SALVAVIDAS DE 32 GR.","50001-DETAL DE SUPERMERCADO Y AUTOMERCADO","-1","1.575,68","USD $","IVA1","UNI","Producto","existencia_negativa","revisar_antes_de_importar"
"5665","200","CANICAS BOLICHITOS X UND","50001-DETAL DE SUPERMERCADO Y AUTOMERCADO","0","68,18","USD $","IVA1","UNI","Producto","","apto_con_mapeo"
"5666","202","CUCHILLOS PLASTICO JUMBO 20 UND","50001-DETAL DE SUPERMERCADO Y AUTOMERCADO","0","0,02","Bs.","IVA1","UNI","Producto","","apto_con_mapeo"
"5667","203","HIELO EN BOLSA","50001-DETAL DE SUPERMERCADO Y AUTOMERCADO","-247","1.515,08","USD $","EXENTO","UNI","Producto","existencia_negativa","revisar_antes_de_importar"
"5668","204","PAPEL HIGIENICO HORECA 2 ROLLOS","50001-DETAL DE SUPERMERCADO Y AUTOMERCADO","0","0,02","Bs.","IVA1","UNI","Producto","","apto_con_mapeo"
"5669","205","PAPELON EN PANELA","50001-DETAL DE SUPERMERCADO Y AUTOMERCADO","442","1.045,41","USD $","EXENTO","UNI","Producto","","apto_con_mapeo"
"5670","206","PILAS WINPOWA 3V","50001-DETAL DE SUPERMERCADO Y AUTOMERCADO","-5","757,54","USD $","IVA1","UNI","Producto","existencia_negativa","revisar_antes_de_importar"
"5671","207","PIMIENTA","50001-DETAL DE SUPERMERCADO Y AUTOMERCADO","0","0,01","Bs.","IVA1","UNI","Producto","","apto_con_mapeo"
"5672","208","VELAS DE CUMPLEAÑOS EXPLOSIVAS DE 6 UNDS.","50001-DETAL DE SUPERMERCADO Y AUTOMERCADO","0","7.575,41","USD $","IVA1","UNI","Producto","","apto_con_mapeo"
"5673","209","VELAS  PEQUEÑA BLANCAS","50001-DETAL DE SUPERMERCADO Y AUTOMERCADO","-88","121,21","USD $","IVA1","UNI","Producto","existencia_negativa","revisar_antes_de_importar"
"5674","210","VELAS DE PASTILLAJE","50001-DETAL DE SUPERMERCADO Y AUTOMERCADO","19","1.515,08","USD $","IVA1","UNI","Producto","","apto_con_mapeo"
"5675","21000061778","QUESO CREMA KRAFT DE 226 GR.","50001-DETAL DE SUPERMERCADO Y AUTOMERCADO","3","4.280,10","USD $","IVA1","UNI","Producto","","apto_con_mapeo"
"5676","21000604647","FACILISTA AMERICANAS DE 340 GR.","50001-DETAL DE SUPERMERCADO Y AUTOMERCADO","11","8.060,23","USD $","IVA1","UNI","Producto","","apto_con_mapeo"
"5677","21000615261","QUESO FUNDIDO KRATF DE 453 GR.","50001-DETAL DE SUPERMERCADO Y AUTOMERCADO","-5","6.219,41","USD $","IVA1","UNI","Producto","existencia_negativa","revisar_antes_de_importar"
"5678","211","VELAS MINI NUMEROS","50001-DETAL DE SUPERMERCADO Y AUTOMERCADO","38","757,54","USD $","IVA1","UNI","Producto","","apto_con_mapeo"
"5679","212","CUBITO MAGGI POR UNIDAD","50001-DETAL DE SUPERMERCADO Y AUTOMERCADO","-256","196,96","USD $","IVA1","UNI","Producto","existencia_negativa","revisar_antes_de_importar"
"5680","213","VELAS DE MUÑECOS VARIADOS","50001-DETAL DE SUPERMERCADO Y AUTOMERCADO","7","1.515,08","USD $","IVA1","UNI","Producto","","apto_con_mapeo"
"5681","216","GALLETAS SORBETICO POR PAQUETE DE 4 UNDS","50001-DETAL DE SUPERMERCADO Y AUTOMERCADO","0","999,95","USD $","IVA1","UNI","Producto","","apto_con_mapeo"
"5682","217","CANELA EN POLVO SOBRESITO","50001-DETAL DE SUPERMERCADO Y AUTOMERCADO","0","0","Bs.","IVA1","UNI","Producto","precio_venta_ausente_o_cero","revisar_antes_de_importar"
"5683","218","SALSA PARA PASTA SOBRESITO","50001-DETAL DE SUPERMERCADO Y AUTOMERCADO","0","0","Bs.","IVA1","UNI","Producto","precio_venta_ausente_o_cero","revisar_antes_de_importar"
"5684","219","AGUA BOTELLON  DE 20 LTS","50001-DETAL DE SUPERMERCADO Y AUTOMERCADO","0","0,01","Bs.","IVA1","UNI","Producto","","apto_con_mapeo"
"5685","220","TORONTO POR UNIDAD","50001-DETAL DE SUPERMERCADO Y AUTOMERCADO","1016","719,66","USD $","IVA1","UNI","Producto","","apto_con_mapeo"
"5686","22000002785","CHICLE HUBA HUBA TANGY TROPICAL DE 57 GR.","50001-DETAL DE SUPERMERCADO Y AUTOMERCADO","0","2.363,53","USD $","IVA1","UNI","Producto","","apto_con_mapeo"
"5687","22000014634","GOMITAS SALVAVIDAS COLLISIONS DE 119 GR.","50001-DETAL DE SUPERMERCADO Y AUTOMERCADO","0","3.295,30","USD $","IVA1","UNI","Producto","","apto_con_mapeo"
"5688","22000014641","GOMITAS SALVAVIDAS  SHARE SIZE DE 119 GR.","50001-DETAL DE SUPERMERCADO Y AUTOMERCADO","-3","3.916,48","USD $","IVA1","UNI","Producto","existencia_negativa","revisar_antes_de_importar"
"5689","22000016935","CHICLE HUBA HUBA SOUR DE 57 GR.","50001-DETAL DE SUPERMERCADO Y AUTOMERCADO","0","2.363,53","USD $","IVA1","UNI","Producto","","apto_con_mapeo"
"5690","22000018465","SKITTLES ORIGINAL 61.50 GR.","50001-DETAL DE SUPERMERCADO Y AUTOMERCADO","0","1.628,71","USD $","IVA1","UNI","Producto","","apto_con_mapeo"
"5691","22000018489","SKITTLES WILD BERRY DE 61.50 GR.","50001-DETAL DE SUPERMERCADO Y AUTOMERCADO","0","1.628,71","USD $","IVA1","UNI","Producto","","apto_con_mapeo"
"5692","22000116024","CHICLE FIVE PATILLA DE 15 STICS","50001-DETAL DE SUPERMERCADO Y AUTOMERCADO","0","2.098,39","USD $","IVA1","UNI","Producto","","apto_con_mapeo"
"5693","22000285263","LIFESAVERS GUMMIES DE 93 GR.","50001-DETAL DE SUPERMERCADO Y AUTOMERCADO","0","3.939,21","USD $","IVA1","UNI","Producto","","apto_con_mapeo"
"5694","2206705","CHICLE HUBBA BUBBA FRESA SANDIA DE 8 GR.","50001-DETAL DE SUPERMERCADO Y AUTOMERCADO","0","2.015,06","USD $","IVA1","UNI","Producto","","apto_con_mapeo"
"5695","221","ANIS ESTRELLADO SOBRECITO","50001-DETAL DE SUPERMERCADO Y AUTOMERCADO","0","0","Bs.","IVA1","UNI","Producto","precio_venta_ausente_o_cero","revisar_antes_de_importar"
"5696","22110079806","HUBBA BUBBA DE 57 GR.","50001-DETAL DE SUPERMERCADO Y AUTOMERCADO","6","2.855,93","USD $","IVA1","UNI","Producto","","apto_con_mapeo"
"5697","222","ESENCIA DE VAINILLA GALON","50001-DETAL DE SUPERMERCADO Y AUTOMERCADO","13","33.551,47","USD $","IVA1","UNI","Producto","","apto_con_mapeo"
"5698","22200940214","DESODORANTE SPEDD STICK DE 51 GR.","50001-DETAL DE SUPERMERCADO Y AUTOMERCADO","2","3.022,59","USD $","IVA1","UNI","Producto","","apto_con_mapeo"
"5699","22200962995","DESODORANTE LADY SPEDD STICK SHOWER FRESH DE 40 GR.","50001-DETAL DE SUPERMERCADO Y AUTOMERCADO","-2","2.408,98","USD $","IVA1","UNI","Producto","existencia_negativa","revisar_antes_de_importar"
"5700","22200963435","DESODORANTE LADY SPEED STICK WILD FRESA 40 GR.","50001-DETAL DE SUPERMERCADO Y AUTOMERCADO","2","2.408,98","USD $","IVA1","UNI","Producto","","apto_con_mapeo"
"5701","2227009","CHICLE HUBBA BUBBA MAX ORIGINAL DE 8 GR.","50001-DETAL DE SUPERMERCADO Y AUTOMERCADO","9","1.992,33","USD $","IVA1","UNI","Producto","","apto_con_mapeo"
"5702","223","TABACOS DON EDUARDO","50001-DETAL DE SUPERMERCADO Y AUTOMERCADO","0","363,62","USD $","EXENTO","UNI","Producto","","apto_con_mapeo"
"5703","224","TABACOS MANZANARES  JUAN CABRERA","50001-DETAL DE SUPERMERCADO Y AUTOMERCADO","0","363,62","USD $","EXENTO","UNI","Producto","","apto_con_mapeo"
"5704","2243405","CARAMELOS SALVAVIDAS DE 32 GR.","50001-DETAL DE SUPERMERCADO Y AUTOMERCADO","12","1.878,70","USD $","IVA1","UNI","Producto","","apto_con_mapeo"
"5705","225","VELAS GRANDE BLANCAS","50001-DETAL DE SUPERMERCADO Y AUTOMERCADO","-67","310,59","USD $","IVA1","UNI","Producto","existencia_negativa","revisar_antes_de_importar"
"5706","226","GOMITAS GLAMY CANDY 7 GR.","50001-DETAL DE SUPERMERCADO Y AUTOMERCADO","0","0","Bs.","IVA1","UNI","Producto","precio_venta_ausente_o_cero","revisar_antes_de_importar"
"5707","227","PINTA LENGUA","50001-DETAL DE SUPERMERCADO Y AUTOMERCADO","0","0","Bs.","IVA1","UNI","Producto","precio_venta_ausente_o_cero","revisar_antes_de_importar"
"5708","228","BOLSAS PLASTICAS  PEQUEÑAS","50001-DETAL DE SUPERMERCADO Y AUTOMERCADO","-3","15,15","USD $","IVA1","UNI","Producto","existencia_negativa","revisar_antes_de_importar"
"5709","2289106","CHICLE EXTRA PEPPERMINT DE 15 STICKS","50001-DETAL DE SUPERMERCADO Y AUTOMERCADO","2","1.659,01","USD $","IVA1","UNI","Producto","","apto_con_mapeo"
"5710","2289902","CHICLE EXTRA SPEARMINT VERDE DE 6 GR.","50001-DETAL DE SUPERMERCADO Y AUTOMERCADO","-1","1.659,01","USD $","IVA1","UNI","Producto","existencia_negativa","revisar_antes_de_importar"
"5711","229","GOMITAS SPLOCT ESPANTA OJOS 3 G","50001-DETAL DE SUPERMERCADO Y AUTOMERCADO","0","0","Bs.","IVA1","UNI","Producto","precio_venta_ausente_o_cero","revisar_antes_de_importar"
"5712","230","MANTEQUILLA DETALLADA","50001-DETAL DE SUPERMERCADO Y AUTOMERCADO","0","0,04","Bs.","IVA1","KG","Producto","","apto_con_mapeo"
"5713","231","CHICLE BUZZY VARIADO POR UNIDAD","50001-DETAL DE SUPERMERCADO Y AUTOMERCADO","-4059","45,45","USD $","IVA1","UNI","Producto","existencia_negativa","revisar_antes_de_importar"
"5714","23114241695","COLORANTE EN GEL ROYAL BLUE","50001-DETAL DE SUPERMERCADO Y AUTOMERCADO","1","3.060,46","USD $","IVA1","UNI","Producto","","apto_con_mapeo"
"5715","23114241749","COLORANTE EN GEL FUCHSIA","50001-DETAL DE SUPERMERCADO Y AUTOMERCADO","3","2.765,02","USD $","IVA1","UNI","Producto","","apto_con_mapeo"
"5716","23114241794","COLORANTE EN GEL SUNSET ORANGE","50001-DETAL DE SUPERMERCADO Y AUTOMERCADO","1","3.060,46","USD $","IVA1","UNI","Producto","","apto_con_mapeo"
"5717","23114241800","COLORANTE EN GEL DEEP PINK","50001-DETAL DE SUPERMERCADO Y AUTOMERCADO","1","3.060,46","USD $","IVA1","UNI","Producto","","apto_con_mapeo"
"5718","23114241862","COLORANTE EN GEL RED RED","50001-DETAL DE SUPERMERCADO Y AUTOMERCADO","1","3.060,46","USD $","IVA1","UNI","Producto","","apto_con_mapeo"
"5719","23114241893","COLORANTE EN GEL VIOLET","50001-DETAL DE SUPERMERCADO Y AUTOMERCADO","3","2.765,02","USD $","IVA1","UNI","Producto","","apto_con_mapeo"
"5720","23114241916","COLORANTE EN GEL YELLOW","50001-DETAL DE SUPERMERCADO Y AUTOMERCADO","1","2.765,02","USD $","IVA1","UNI","Producto","","apto_con_mapeo"
"5721","23114503694","COLORANTE EN GEL ORANGE","50001-DETAL DE SUPERMERCADO Y AUTOMERCADO","1","2.765,02","USD $","IVA1","UNI","Producto","","apto_con_mapeo"
"5722","23114503717","COLORANTE EN GEL NEON BRITEPURPLE","50001-DETAL DE SUPERMERCADO Y AUTOMERCADO","1","3.060,46","USD $","IVA1","UNI","Producto","","apto_con_mapeo"
"5723","23114503724","COLORANTE EN GEL NEON BRITE YELLOW","50001-DETAL DE SUPERMERCADO Y AUTOMERCADO","1","3.060,46","USD $","IVA1","UNI","Producto","","apto_con_mapeo"
"5724","23114503731","COLORANTE EN GEL NEON BRITE GREEN","50001-DETAL DE SUPERMERCADO Y AUTOMERCADO","1","3.060,46","USD $","IVA1","UNI","Producto","","apto_con_mapeo"
"5725","23114507951","COLORANTE EN GEL PURPLE","50001-DETAL DE SUPERMERCADO Y AUTOMERCADO","3","2.765,02","USD $","IVA1","UNI","Producto","","apto_con_mapeo"
"5726","23114507968","COLORANTE EN GEL TURQUOISE","50001-DETAL DE SUPERMERCADO Y AUTOMERCADO","1","3.060,46","USD $","IVA1","UNI","Producto","","apto_con_mapeo"
"5727","232","BOLSA DE ASA DE 3 KILOS","50001-DETAL DE SUPERMERCADO Y AUTOMERCADO","8000","14.014,50","USD $","IVA1","UNI","Producto","","apto_con_mapeo"
"5728","233","GALLETAS CLUB SOCIAL POR PAQUETE DE 6 UNDS.","50001-DETAL DE SUPERMERCADO Y AUTOMERCADO","0","1.075,71","USD $","IVA1","UNI","Producto","","apto_con_mapeo"
"5729","234","GALLETAS OREO POR PAQUETE DE 6 UNDS.","50001-DETAL DE SUPERMERCADO Y AUTOMERCADO","0","1.439,33","USD $","IVA1","UNI","Producto","","apto_con_mapeo"
"5730","235","GALLETAS OREO DE FRESA POR PAQUETE DE 6 UNDS","50001-DETAL DE SUPERMERCADO Y AUTOMERCADO","0","1.439,33","USD $","IVA1","UNI","Producto","","apto_con_mapeo"
"5731","236","TABACOS CORONA DE 50 UNDS.","50001-DETAL DE SUPERMERCADO Y AUTOMERCADO","18","363,62","USD $","EXENTO","UNI","Producto","","apto_con_mapeo"
"5732","237","BOLSA DE ASA DE 20 KG.","50001-DETAL DE SUPERMERCADO Y AUTOMERCADO","1000","36.248,32","USD $","EXENTO","UNI","Producto","","apto_con_mapeo"
"5733","238","LECHE LACTEOS BARINAS DE 1.8 LTS.","50001-DETAL DE SUPERMERCADO Y AUTOMERCADO","0","0,01","Bs.","IVA1","UNI","Producto","","apto_con_mapeo"
"5734","239","SERVILLETAS PAVECA  DE MESA 300 HOJAS","50001-DETAL DE SUPERMERCADO Y AUTOMERCADO","0","0,04","Bs.","EXENTO","UNI","Producto","","apto_con_mapeo"
"5735","240","VELAS  EXPLOSIVAS PAQUETE DE 4 UNDS.","50001-DETAL DE SUPERMERCADO Y AUTOMERCADO","0","3.954,36","USD $","IVA1","UNI","Producto","","apto_con_mapeo"
"5736","24000013150","GUISANTES DEL MONTE DE 241GR.","50001-DETAL DE SUPERMERCADO Y AUTOMERCADO","0","1.893,85","USD $","IVA1","UNI","Producto","","apto_con_mapeo"
"5737","24000013204","GUISANTE CON ZANAHORIA DEL MONTE DE 241 GR.","50001-DETAL DE SUPERMERCADO Y AUTOMERCADO","1","3.628,62","USD $","IVA1","UNI","Producto","","apto_con_mapeo"
"5738","24000014409","MAIZ DULCE DORADO ENTERO DEL MONTE DE 248 GR.","50001-DETAL DE SUPERMERCADO Y AUTOMERCADO","0","2.181,72","USD $","IVA1","UNI","Producto","","apto_con_mapeo"
"5739","24000014416","MAIZ DULCE DORAO EN CREMA DEL MONTE 234 GR","50001-DETAL DE SUPERMERCADO Y AUTOMERCADO","0","0,03","Bs.","IVA1","UNI","Producto","","apto_con_mapeo"
"5740","24000014584","VEGETALES MIXTOS DEL MONTE DE 234 GR.","50001-DETAL DE SUPERMERCADO Y AUTOMERCADO","7","2.598,36","USD $","IVA1","UNI","Producto","","apto_con_mapeo"
"5741","24000163084","GUISANTES  DM DEL MONTE DE 425 GR.","50001-DETAL DE SUPERMERCADO Y AUTOMERCADO","-1","3.961,94","USD $","IVA1","UNI","Producto","existencia_negativa","revisar_antes_de_importar"
"5742","24000163114","GUISANTES CON ZANAHORIA DEL MONTE DE 411 GR.","50001-DETAL DE SUPERMERCADO Y AUTOMERCADO","1","4.234,65","USD $","IVA1","UNI","Producto","","apto_con_mapeo"
"5743","24000163190","VEGETALES MIXTOS DEL MONTE DE 411 GR.","50001-DETAL DE SUPERMERCADO Y AUTOMERCADO","0","0,05","Bs.","IVA1","UNI","Producto","","apto_con_mapeo"
"5744","241","VELAS EXPLOSIVAS POR UNIDAD","50001-DETAL DE SUPERMERCADO Y AUTOMERCADO","-61","1.136,31","USD $","IVA1","UNI","Producto","existencia_negativa","revisar_antes_de_importar"
"5745","243","GALLETAS TAKY RELLENA S CON CREMA","50001-DETAL DE SUPERMERCADO Y AUTOMERCADO","0","0,01","Bs.","IVA1","UNI","Producto","","apto_con_mapeo"
"5746","246","JUGO JARRITA COCTEL DE FRUTAS 1 LT.","50001-DETAL DE SUPERMERCADO Y AUTOMERCADO","0","0","Bs.","IVA1","UNI","Producto","precio_venta_ausente_o_cero","revisar_antes_de_importar"
"5747","247","JUGO DE NARANJA DE 400CC","50001-DETAL DE SUPERMERCADO Y AUTOMERCADO","0","0","Bs.","IVA1","UNI","Producto","precio_venta_ausente_o_cero","revisar_antes_de_importar"
"5748","248","GALLETAS TODDY  DE 24 GR.","50001-DETAL DE SUPERMERCADO Y AUTOMERCADO","0","340,89","USD $","IVA1","UNI","Producto","","apto_con_mapeo"
"5749","250","CARAMELOS CHAO SURTIDAS","50001-DETAL DE SUPERMERCADO Y AUTOMERCADO","0","174,23","USD $","IVA1","UNI","Producto","codigo_duplicado","revisar_antes_de_importar"
"5750","251","CARAMELOS BIANCHI POR UNIDAD SURTIDA","50001-DETAL DE SUPERMERCADO Y AUTOMERCADO","0","0","Bs.","IVA1","UNI","Producto","precio_venta_ausente_o_cero","revisar_antes_de_importar"
"5751","252","PAPEL HIGIENICO HORECA DE 16 ROLLOS","50001-DETAL DE SUPERMERCADO Y AUTOMERCADO","0","0,65","Bs.","IVA1","UNI","Producto","","apto_con_mapeo"
"5752","25215723322","PILAS MAXELL ALCALINE C 1.5V","50001-DETAL DE SUPERMERCADO Y AUTOMERCADO","0","0,03","Bs.","IVA1","UNI","Producto","","apto_con_mapeo"
"5753","25215736469","PILAS MAXELL CR2016 3V","50001-DETAL DE SUPERMERCADO Y AUTOMERCADO","0","0","Bs.","IVA1","UNI","Producto","precio_venta_ausente_o_cero","revisar_antes_de_importar"
"5754","25215736476","PILAS MAXELL CR2025","50001-DETAL DE SUPERMERCADO Y AUTOMERCADO","32","757,54","USD $","IVA1","UNI","Producto","","apto_con_mapeo"
"5755","25215761041","PILAS MAXELL LR44","50001-DETAL DE SUPERMERCADO Y AUTOMERCADO","0","0,01","Bs.","IVA1","UNI","Producto","","apto_con_mapeo"
"5756","25215961731","PILAS MAXELL AA DE 2 UNIDADES","50001-DETAL DE SUPERMERCADO Y AUTOMERCADO","2","1.666,59","USD $","IVA1","UNI","Producto","","apto_con_mapeo"
"5757","253","CARAMELOS MASTICABLES LOKIÑO","50001-DETAL DE SUPERMERCADO Y AUTOMERCADO","-11","106,06","USD $","IVA1","UNI","Producto","existencia_negativa","revisar_antes_de_importar"
"5758","254","HARINA PAN DE 1 KG.","50001-DETAL DE SUPERMERCADO Y AUTOMERCADO","0","1.060,56","USD $","EXENTO","UNI","Producto","","apto_con_mapeo"
"5759","255","BOCADILLOS DE PLATANO DE 15 GR.","50001-DETAL DE SUPERMERCADO Y AUTOMERCADO","0","1,76","Bs.","IVA1","UNI","Producto","","apto_con_mapeo"
"5760","256","TOALLA SECANTE","50001-DETAL DE SUPERMERCADO Y AUTOMERCADO","0","2.499,88","USD $","IVA1","UNI","Producto","","apto_con_mapeo"
"5761","257","SERVILLETAS TISU DE 300 UNDS.","50001-DETAL DE SUPERMERCADO Y AUTOMERCADO","0","0,04","Bs.","IVA1","UNI","Producto","","apto_con_mapeo"
"5762","258","CATALINA POR UNIDAD","50001-DETAL DE SUPERMERCADO Y AUTOMERCADO","-2491","227,26","USD $","IVA1","UNI","Producto","existencia_negativa","revisar_antes_de_importar"
"5763","259","CARAMELOS FRUNA SURTIDO DE 13.75 G.","50001-DETAL DE SUPERMERCADO Y AUTOMERCADO","0","0","Bs.","IVA1","UNI","Producto","precio_venta_ausente_o_cero","revisar_antes_de_importar"
"5764","260","GOMITAS TRULULU AROS DE 6 GR.","50001-DETAL DE SUPERMERCADO Y AUTOMERCADO","0","60,6","USD $","IVA1","UNI","Producto","","apto_con_mapeo"
"5765","262","MINI PASTILLITAS 18 GR.","50001-DETAL DE SUPERMERCADO Y AUTOMERCADO","0","0","Bs.","IVA1","UNI","Producto","precio_venta_ausente_o_cero","revisar_antes_de_importar"
"5766","263","VELAS DE CUMPLEAÑOS POR UNIDAD","50001-DETAL DE SUPERMERCADO Y AUTOMERCADO","-244","68,18","USD $","IVA1","UNI","Producto","existencia_negativa","revisar_antes_de_importar"
"5767","264","NUCITA COLOMBINA 14 GR.","50001-DETAL DE SUPERMERCADO Y AUTOMERCADO","0","0","Bs.","IVA1","UNI","Producto","precio_venta_ausente_o_cero","revisar_antes_de_importar"
"5768","265","GALLETAS DE LECHE  MUUU.. 12 GR","50001-DETAL DE SUPERMERCADO Y AUTOMERCADO","0","0","Bs.","IVA1","UNI","Producto","precio_venta_ausente_o_cero","revisar_antes_de_importar"
"5769","266","CARAMELOS MINI BUM POR UNIDAD MEGA","50001-DETAL DE SUPERMERCADO Y AUTOMERCADO","0","0","Bs.","IVA1","UNI","Producto","precio_venta_ausente_o_cero","revisar_antes_de_importar"
"5770","268","GALLETAS  DE FRESA WAFER 10 GR.","50001-DETAL DE SUPERMERCADO Y AUTOMERCADO","0","0","Bs.","IVA1","UNI","Producto","precio_venta_ausente_o_cero","revisar_antes_de_importar"
"5771","269","CARAMELOS MENTOS POR UNIDAD","50001-DETAL DE SUPERMERCADO Y AUTOMERCADO","0","37,88","USD $","IVA1","UNI","Producto","","apto_con_mapeo"
"5772","270","CARAMELOS COFFE POR UNIDAD","50001-DETAL DE SUPERMERCADO Y AUTOMERCADO","0","0","Bs.","IVA1","UNI","Producto","precio_venta_ausente_o_cero","revisar_antes_de_importar"
"5773","27000690260","CANOLA OIL WESSON DE 24FL OZ","50001-DETAL DE SUPERMERCADO Y AUTOMERCADO","0","0","Bs.","IVA1","UNI","Producto","precio_venta_ausente_o_cero","revisar_antes_de_importar"
"5774","271","CHICLE TRIDENT SURTIDA POR UNIDAD","50001-DETAL DE SUPERMERCADO Y AUTOMERCADO","173","121,21","USD $","IVA1","UNI","Producto","","apto_con_mapeo"
"5775","272","MASMELOS POR UNIDAD 5.8 GR.","50001-DETAL DE SUPERMERCADO Y AUTOMERCADO","0","106,06","USD $","IVA1","UNI","Producto","","apto_con_mapeo"
"5776","274","CHICLE BUBBALOO SABOR A CEREZA","50001-DETAL DE SUPERMERCADO Y AUTOMERCADO","-16","53,03","USD $","IVA1","UNI","Producto","existencia_negativa","revisar_antes_de_importar"
"5777","276","BOMBONES CARAMELLIM DE CHOCOALTE ANI","50001-DETAL DE SUPERMERCADO Y AUTOMERCADO","0","128,78","USD $","IVA1","UNI","Producto","","apto_con_mapeo"
"5778","278","PALITOS DE CHOCLATE DANIBISK","50001-DETAL DE SUPERMERCADO Y AUTOMERCADO","0","0","Bs.","IVA1","UNI","Producto","precio_venta_ausente_o_cero","revisar_antes_de_importar"
"5779","279","CHICLE BUBBALOO SURTIDO","50001-DETAL DE SUPERMERCADO Y AUTOMERCADO","22","53,03","USD $","IVA1","UNI","Producto","","apto_con_mapeo"
"5780","280","COLONIA PARA DAMA BOM MICHELL ORABELLA DE 100 ML.","50001-DETAL DE SUPERMERCADO Y AUTOMERCADO","0","0,05","Bs.","IVA1","UNI","Producto","","apto_con_mapeo"
"5781","28000193379","NESQUIK DE FRESA DE 1.19KG.","50001-DETAL DE SUPERMERCADO Y AUTOMERCADO","0","21.597,48","USD $","IVA1","UNI","Producto","","apto_con_mapeo"
"5782","28000428433","NESQUIK DE CHCOCOLATE TAZA DE 570 GR.","50001-DETAL DE SUPERMERCADO Y AUTOMERCADO","3","12.794,86","USD $","IVA1","UNI","Producto","","apto_con_mapeo"
"5783","28000708801","NESQUIK DE CHOCOLATE DE 1.275KG.","50001-DETAL DE SUPERMERCADO Y AUTOMERCADO","0","21.597,48","USD $","IVA1","UNI","Producto","","apto_con_mapeo"
"5784","28000846794","NESQUIK DE FRESA TAZA DE 570 GR.","50001-DETAL DE SUPERMERCADO Y AUTOMERCADO","1","10.870,71","USD $","IVA1","UNI","Producto","","apto_con_mapeo"
"5785","281","COLONIA PARA CABALLERO 22-1 FOR WEN VIP DE 100 ML","50001-DETAL DE SUPERMERCADO Y AUTOMERCADO","0","0,05","Bs.","IVA1","UNI","Producto","","apto_con_mapeo"
"5786","282","TURRONES DE MANI CRISPY DE 21 GR.","50001-DETAL DE SUPERMERCADO Y AUTOMERCADO","-4","727,24","USD $","IVA1","UNI","Producto","existencia_negativa","revisar_antes_de_importar"
"5787","283","BARRILETE POR UNIDAD","50001-DETAL DE SUPERMERCADO Y AUTOMERCADO","-3","106,06","USD $","IVA1","UNI","Producto","existencia_negativa","revisar_antes_de_importar"
"5788","284","CARAMELOS BUTTER TOFFEES DE 4 GR.","50001-DETAL DE SUPERMERCADO Y AUTOMERCADO","0","0","Bs.","IVA1","UNI","Producto","precio_venta_ausente_o_cero","revisar_antes_de_importar"
"5789","285","BOCADILLOS DE TAMARINDO","50001-DETAL DE SUPERMERCADO Y AUTOMERCADO","0","121,21","USD $","IVA1","UNI","Producto","","apto_con_mapeo"
"5790","286","HARINA DE MAIZ DON QUIJOTE DE 10 KG.","50001-DETAL DE SUPERMERCADO Y AUTOMERCADO","0","0,14","Bs.","EXENTO","UNI","Producto","","apto_con_mapeo"
"5791","287","GALLETAS MINI BOTON DE 18 GR.","50001-DETAL DE SUPERMERCADO Y AUTOMERCADO","0","0","Bs.","IVA1","UNI","Producto","precio_venta_ausente_o_cero","revisar_antes_de_importar"
"5792","289","CARAMELOS SPARKIES BUBBALOO  DE 5 GR.","50001-DETAL DE SUPERMERCADO Y AUTOMERCADO","0","0","Bs.","IVA1","UNI","Producto","precio_venta_ausente_o_cero","revisar_antes_de_importar"
"5793","290","CARAMELOS HALLS DE 3 GR.","50001-DETAL DE SUPERMERCADO Y AUTOMERCADO","0","0","Bs.","IVA1","UNI","Producto","precio_venta_ausente_o_cero","revisar_antes_de_importar"
"5794","293","GALLETAS DE GUAYABA MANZANARES POR UNIDAD","50001-DETAL DE SUPERMERCADO Y AUTOMERCADO","0","0,01","Bs.","IVA1","UNI","Producto","codigo_duplicado","revisar_antes_de_importar"
"5795","294","CARAMELOS RICATO DE LECHE","50001-DETAL DE SUPERMERCADO Y AUTOMERCADO","0","60,6","USD $","EXENTO","UNI","Producto","","apto_con_mapeo"
"5796","295","CRAMELOS LOKIÑO","50001-DETAL DE SUPERMERCADO Y AUTOMERCADO","7","106,06","USD $","IVA1","UNI","Producto","","apto_con_mapeo"
"5797","297","GALLETAS SUSY POR PAQUETE DE 4 UNDS.","50001-DETAL DE SUPERMERCADO Y AUTOMERCADO","0","545,43","USD $","IVA1","UNI","Producto","","apto_con_mapeo"
"5798","298","LECHE EN POLVO GALAIT DE 1 KG.","50001-DETAL DE SUPERMERCADO Y AUTOMERCADO","0","0,08","Bs.","EXENTO","UNI","Producto","","apto_con_mapeo"
"5799","300","QUESO DURO","50001-DETAL DE SUPERMERCADO Y AUTOMERCADO","111,078","5.680,80","USD $","EXENTO","KG","Producto","","apto_con_mapeo"
"5800","301","QUESO TIPO PAISA","50001-DETAL DE SUPERMERCADO Y AUTOMERCADO","1471,26","9.090,49","USD $","EXENTO","KG","Producto","","apto_con_mapeo"
"5801","302","QUESO AMARILLO TORONDOY  ENMENTAL","50001-DETAL DE SUPERMERCADO Y AUTOMERCADO","-0,919","18.529,44","USD $","IVA1","KG","Producto","existencia_negativa","revisar_antes_de_importar"
"5802","303","QUESO TORNDOY BROSSO TIPO GOUDA","50001-DETAL DE SUPERMERCADO Y AUTOMERCADO","-7,661","18.529,44","USD $","IVA1","GR","Producto","existencia_negativa","revisar_antes_de_importar"
"5803","304","JAMON FIAMBRE FIESTA","50001-DETAL DE SUPERMERCADO Y AUTOMERCADO","328","7.257,24","USD $","IVA1","KG","Producto","","apto_con_mapeo"
"5804","305","JAMON DE PIERNA PLUMROSE","50001-DETAL DE SUPERMERCADO Y AUTOMERCADO","109,311","12.726,68","USD $","IVA1","KG","Producto","","apto_con_mapeo"
"5805","306","JAMON DE PIERNA  FIESTA","50001-DETAL DE SUPERMERCADO Y AUTOMERCADO","102,5","8.507,18","USD $","IVA1","KG","Producto","","apto_con_mapeo"
"5806","307","JAMON DE PIERNA TALSALUMI","50001-DETAL DE SUPERMERCADO Y AUTOMERCADO","15,411","8.302,64","USD $","IVA1","KG","Producto","","apto_con_mapeo"
"5807","308","JAMON DE ESPALDA PLUMROSE","50001-DETAL DE SUPERMERCADO Y AUTOMERCADO","0","4.984,62","USD $","IVA1","KG","Producto","","apto_con_mapeo"
"5808","309","JAMON  DE POLLO  MOVILLA","50001-DETAL DE SUPERMERCADO Y AUTOMERCADO","-0,4","1,1","Bs.","IVA1","KG","Producto","existencia_negativa","revisar_antes_de_importar"
"5809","310","JAMON DE PAVO  MOVILLA FIGURA","50001-DETAL DE SUPERMERCADO Y AUTOMERCADO","16,998","12.953,94","USD $","IVA1","KG","Producto","","apto_con_mapeo"
"5810","3100","QUESO CUAJADA ALIÑADA","50001-DETAL DE SUPERMERCADO Y AUTOMERCADO","0","3.658,92","USD $","IVA1","KG","Producto","","apto_con_mapeo"
"5811","3101","QUESO  AMARILLO BOLA EDAM TORONDOY","50001-DETAL DE SUPERMERCADO Y AUTOMERCADO","0","18.529,44","USD $","IVA1","UNI","Producto","","apto_con_mapeo"
"5812","3102","QUESO PECORINO S/PIMIENTA QUENA","50001-DETAL DE SUPERMERCADO Y AUTOMERCADO","1,929","41.066,28","USD $","IVA1","KG","Producto","","apto_con_mapeo"
"5813","3103","SUERO LA CAS0NA","50001-DETAL DE SUPERMERCADO Y AUTOMERCADO","0","1.704,47","USD $","EXENTO","UNI","Producto","","apto_con_mapeo"
"5814","3104","MORTADELA DE POLLO ESPECIAL CHOP","50001-DETAL DE SUPERMERCADO Y AUTOMERCADO","0","1.969,61","USD $","EXENTO","KG","Producto","","apto_con_mapeo"
"5815","3105","JAMON FIAMBRE DON DIEGO","50001-DETAL DE SUPERMERCADO Y AUTOMERCADO","186,662","6.567,88","USD $","IVA1","KG","Producto","","apto_con_mapeo"
"5816","3106","SALCHICHA POLACA","50001-DETAL DE SUPERMERCADO Y AUTOMERCADO","-13,328","6.575,45","USD $","IVA1","KG","Producto","existencia_negativa","revisar_antes_de_importar"
"5817","3107","MORTADELA DE POLLO ESPECIAL MILLENNIUM DE 400 GR.","50001-DETAL DE SUPERMERCADO Y AUTOMERCADO","1","984,8","USD $","EXENTO","UNI","Producto","","apto_con_mapeo"
"5818","3108","MORTADELA EXTRA","50001-DETAL DE SUPERMERCADO Y AUTOMERCADO","4,394","6.499,70","USD $","EXENTO","KG","Producto","","apto_con_mapeo"
"5819","3109","HELADOS SURTIDOS","50001-DETAL DE SUPERMERCADO Y AUTOMERCADO","0","1.136,31","USD $","IVA1","UNI","Producto","","apto_con_mapeo"
"5820","311","PEPPERONI GIACOMELLO","50001-DETAL DE SUPERMERCADO Y AUTOMERCADO","0","0,06","Bs.","IVA1","KG","Producto","","apto_con_mapeo"
"5821","3110","MANTEQUILLA DETALLADA","50001-DETAL DE SUPERMERCADO Y AUTOMERCADO","0","4.189,20","USD $","EXENTO","KG","Producto","","apto_con_mapeo"
"5822","3111","JAMON TIPO TENDER FIESTA BOLA","50001-DETAL DE SUPERMERCADO Y AUTOMERCADO","6,038","15.150,81","USD $","IVA1","KG","Producto","","apto_con_mapeo"
"5823","3112","JAMON AHUMADO ITASALUMI","50001-DETAL DE SUPERMERCADO Y AUTOMERCADO","0","9.431,38","USD $","IVA1","KG","Producto","","apto_con_mapeo"
"5824","3114","MORTADELA GIACOMELLO DE 600 GR.","50001-DETAL DE SUPERMERCADO Y AUTOMERCADO","32,489","8.348,10","USD $","EXENTO","KG","Producto","","apto_con_mapeo"
"5825","3115","MORTADELA GIACOMELLO DE 750 GR.","50001-DETAL DE SUPERMERCADO Y AUTOMERCADO","-83,864","8.348,10","USD $","EXENTO","KG","Producto","existencia_negativa","revisar_antes_de_importar"
"5826","3117","CHORIZO TIPO VELA LA LEONESA","50001-DETAL DE SUPERMERCADO Y AUTOMERCADO","0,9","44.164,62","USD $","IVA1","KG","Producto","","apto_con_mapeo"
"5827","3118","COMBO PARRILLERO JUNKO REY","50001-DETAL DE SUPERMERCADO Y AUTOMERCADO","0","2.825,63","USD $","EXENTO","UNI","Producto","","apto_con_mapeo"
"5828","3119","TOCINETA SANDWICH FIESTA","50001-DETAL DE SUPERMERCADO Y AUTOMERCADO","0","11.499,47","USD $","IVA1","KG","Producto","","apto_con_mapeo"
"5829","312","BOLOGÑA DE CARNE PLUMROUSE","50001-DETAL DE SUPERMERCADO Y AUTOMERCADO","0","4.545,24","USD $","IVA1","KG","Producto","","apto_con_mapeo"
"5830","3120","JAMON DE PIERNA CON SABOR A TOCINETA OSCAR MAYER","50001-DETAL DE SUPERMERCADO Y AUTOMERCADO","0","10.393,46","USD $","IVA1","KG","Producto","","apto_con_mapeo"
"5831","3121","QUESO AMARILLO KROON GOUDA TORTA","50001-DETAL DE SUPERMERCADO Y AUTOMERCADO","0","19.991,50","USD $","IVA1","KG","Producto","","apto_con_mapeo"
"5832","3122","SALCHICHON MILANO TIPO MILANO","50001-DETAL DE SUPERMERCADO Y AUTOMERCADO","11,097","32.036,39","USD $","IVA1","KG","Producto","","apto_con_mapeo"
"5833","3123","QUESO TELITA","50001-DETAL DE SUPERMERCADO Y AUTOMERCADO","7,162","6.249,71","USD $","EXENTO","KG","Producto","","apto_con_mapeo"
"5834","3124","JAMON DE PIERNA FOOD","50001-DETAL DE SUPERMERCADO Y AUTOMERCADO","10,552","7.355,72","USD $","IVA1","KG","Producto","","apto_con_mapeo"
"5835","3126","QUESO AMARILLO LANDANA GOUDA TORTA","50001-DETAL DE SUPERMERCADO Y AUTOMERCADO","0","27.301,76","USD $","IVA1","KG","Producto","","apto_con_mapeo"
"5836","3127","QUESO CREMA GABY DE 10 KG.","50001-DETAL DE SUPERMERCADO Y AUTOMERCADO","608","15.082,63","USD $","IVA1","KG","Producto","","apto_con_mapeo"
"5837","3128","JAMON AHUMADO FIESTA","50001-DETAL DE SUPERMERCADO Y AUTOMERCADO","138,221","10.878,28","USD $","IVA1","KG","Producto","","apto_con_mapeo"
"5838","3129","QUESO BOLA CALICANTO MOZZARELA AMA TIPO GOUDA","50001-DETAL DE SUPERMERCADO Y AUTOMERCADO","0","11.294,93","USD $","IVA1","KG","Producto","","apto_con_mapeo"
"5839","313","QUESO RICOTTA  SUREZ","50001-DETAL DE SUPERMERCADO Y AUTOMERCADO","1,9","3.977,09","USD $","EXENTO","KG","Producto","","apto_con_mapeo"
"5840","3130","JAMON DE PAVO  ECONOMICO","50001-DETAL DE SUPERMERCADO Y AUTOMERCADO","2778,598","4.901,29","USD $","IVA1","KG","Producto","","apto_con_mapeo"
"5841","3131","MORTADELA TAPARA ECONOMICA","50001-DETAL DE SUPERMERCADO Y AUTOMERCADO","-3,876","10.863,13","USD $","EXENTO","KG","Producto","existencia_negativa","revisar_antes_de_importar"
"5842","3132","MINI JAMON PLANCHADO","50001-DETAL DE SUPERMERCADO Y AUTOMERCADO","-4,22","13.635,73","USD $","IVA1","KG","Producto","existencia_negativa","revisar_antes_de_importar"
"5843","3133","QUESO CREMA LA CREMOSA DE 400 GR.","50001-DETAL DE SUPERMERCADO Y AUTOMERCADO","-2","3.674,07","USD $","IVA1","KG","Producto","existencia_negativa","revisar_antes_de_importar"
"5844","3134","JAMON ESPALDA PRADO","50001-DETAL DE SUPERMERCADO Y AUTOMERCADO","83,934","7.075,43","USD $","IVA1","KG","Producto","","apto_con_mapeo"
"5845","314","MORTADELA MILLENNIUM DE 400 GR","50001-DETAL DE SUPERMERCADO Y AUTOMERCADO","-1","1.515,08","USD $","EXENTO","KG","Producto","existencia_negativa","revisar_antes_de_importar"
"5846","315","SALCHICHA DE POLLO AHUMADA DEL CORRAL TIPO COTEL","50001-DETAL DE SUPERMERCADO Y AUTOMERCADO","4,78","6.295,16","USD $","IVA1","KG","Producto","","apto_con_mapeo"
"5847","3150","MORTADELA DE POLLO PROEMBUTI DE 500 GR.","50001-DETAL DE SUPERMERCADO Y AUTOMERCADO","7,828","1.818,10","USD $","EXENTO","KG","Producto","","apto_con_mapeo"
"5848","3152","MORTADELA TAPARA ITALIANA PISTACHOT  PRADO","50001-DETAL DE SUPERMERCADO Y AUTOMERCADO","12,875","11.446,44","USD $","EXENTO","KG","Producto","","apto_con_mapeo"
"5849","3153","TAPARA PLUMROSE","50001-DETAL DE SUPERMERCADO Y AUTOMERCADO","6,978","17.673,42","USD $","EXENTO","KG","Producto","","apto_con_mapeo"
"5850","316","SALCHICHON TIPO MILANO GIACOMELLO","50001-DETAL DE SUPERMERCADO Y AUTOMERCADO","-0,668","32.036,39","USD $","IVA1","KG","Producto","existencia_negativa","revisar_antes_de_importar"
"5851","3160","TOCINETA REBANDA OSCAR MAYER","50001-DETAL DE SUPERMERCADO Y AUTOMERCADO","5","6.242,13","USD $","IVA1","KG","Producto","","apto_con_mapeo"
"5852","3161","QUESO DE AÑO EN VANDEJA","50001-DETAL DE SUPERMERCADO Y AUTOMERCADO","5","1.136,31","USD $","EXENTO","UNI","Producto","","apto_con_mapeo"
"5853","317","JAMON FIAMBRE  MILLENNIUM","50001-DETAL DE SUPERMERCADO Y AUTOMERCADO","153,402","6.045,17","USD $","IVA1","KG","Producto","","apto_con_mapeo"
"5854","318","JAMON DE PIERNA PIROCA ESTANDAR","50001-DETAL DE SUPERMERCADO Y AUTOMERCADO","10,537","7.976,90","USD $","IVA1","KG","Producto","","apto_con_mapeo"
"5855","319","SALCHICHA DE POLLO CORRAL TIPO BOLOGÑA 1 KG","50001-DETAL DE SUPERMERCADO Y AUTOMERCADO","0","0,04","Bs.","IVA1","KG","Producto","","apto_con_mapeo"
"5856","320","MORTADELA DE POLLO ESPECIAL  DE 1 KILO","50001-DETAL DE SUPERMERCADO Y AUTOMERCADO","-1,048","1.969,61","USD $","EXENTO","KG","Producto","existencia_negativa","revisar_antes_de_importar"
"5857","321","JAMON DE PAVO  MILLENIUM","50001-DETAL DE SUPERMERCADO Y AUTOMERCADO","-1,419","6.037,60","USD $","IVA1","KG","Producto","existencia_negativa","revisar_antes_de_importar"
"5858","322","JAMON DE PIERNA MILLENUM KG","50001-DETAL DE SUPERMERCADO Y AUTOMERCADO","169,066","7.984,48","USD $","IVA1","KG","Producto","","apto_con_mapeo"
"5859","323","QUESO GUAYANES","50001-DETAL DE SUPERMERCADO Y AUTOMERCADO","5,129","6.249,71","USD $","EXENTO","KG","Producto","","apto_con_mapeo"
"5860","324","JAMON AHUMADO PLUROMSE","50001-DETAL DE SUPERMERCADO Y AUTOMERCADO","1503,493","12.908,49","USD $","IVA1","KG","Producto","","apto_con_mapeo"
"5861","325","SALCHICHA DETALLADA DE POLLO","50001-DETAL DE SUPERMERCADO Y AUTOMERCADO","-10,742","3.068,04","USD $","EXENTO","KG","Producto","existencia_negativa","revisar_antes_de_importar"
"5862","326","BOLOGÑA DE PAVO","50001-DETAL DE SUPERMERCADO Y AUTOMERCADO","0","4.545,24","USD $","IVA1","KG","Producto","","apto_con_mapeo"
"5863","327","BOLOGÑA DE POLLO SERVIPORK","50001-DETAL DE SUPERMERCADO Y AUTOMERCADO","0","4.545,24","USD $","IVA1","KG","Producto","","apto_con_mapeo"
"5864","328","BOLOGÑA DE POLLO ALIÑADA SERVIPORK","50001-DETAL DE SUPERMERCADO Y AUTOMERCADO","0","4.545,24","USD $","IVA1","KG","Producto","","apto_con_mapeo"
"5865","329","BOLOGÑA DE POLLO CON QUESO SERVIPORK","50001-DETAL DE SUPERMERCADO Y AUTOMERCADO","0","4.545,24","USD $","IVA1","KG","Producto","","apto_con_mapeo"
"5866","330","QUESO CUAJADA","50001-DETAL DE SUPERMERCADO Y AUTOMERCADO","30,721","4.727,05","USD $","EXENTO","KG","Producto","","apto_con_mapeo"
"5867","331","JAMON  SERRANO","50001-DETAL DE SUPERMERCADO Y AUTOMERCADO","10,544","51.020,36","USD $","IVA1","KG","Producto","","apto_con_mapeo"
"5868","332","JAMON DE PAVO SUPERIOR","50001-DETAL DE SUPERMERCADO Y AUTOMERCADO","0","4.416,46","USD $","IVA1","KG","Producto","","apto_con_mapeo"
"5869","33200194705","DESODORANTE PODWER FRSH DE73GR.","50001-DETAL DE SUPERMERCADO Y AUTOMERCADO","0","1.659,01","USD $","IVA1","UNI","Producto","","apto_con_mapeo"
"5870","333","QUESO AMARILLO LUCERO","50001-DETAL DE SUPERMERCADO Y AUTOMERCADO","-163,664","13.855,42","USD $","IVA1","KG","Producto","existencia_negativa","revisar_antes_de_importar"
"5871","334","QUESO AMARILLO EL ZEDEÑO","50001-DETAL DE SUPERMERCADO Y AUTOMERCADO","19,2","9.681,37","USD $","IVA1","KG","Producto","","apto_con_mapeo"
"5872","335","QUESO DE CHOCOLATE","50001-DETAL DE SUPERMERCADO Y AUTOMERCADO","0","0","USD $","EXENTO","KG","Producto","precio_venta_ausente_o_cero","revisar_antes_de_importar"
"5873","336","QUESO PARMESANO DUCAL","50001-DETAL DE SUPERMERCADO Y AUTOMERCADO","-2,25","41.066,28","USD $","IVA1","KG","Producto","existencia_negativa","revisar_antes_de_importar"
"5874","337","QUESO AMARILLO MUNSTER","50001-DETAL DE SUPERMERCADO Y AUTOMERCADO","0","10.196,50","USD $","IVA1","KG","Producto","","apto_con_mapeo"
"5875","338","JAMON FIAMBRE ALIMEX","50001-DETAL DE SUPERMERCADO Y AUTOMERCADO","0","4.939,16","USD $","IVA1","KG","Producto","","apto_con_mapeo"
"5876","339","SALCHICHAS DE POLLO SERVIPOLLO","50001-DETAL DE SUPERMERCADO Y AUTOMERCADO","0","0,02","Bs.","IVA1","KG","Producto","","apto_con_mapeo"
"5877","340","TOCINETA AHUMADA","50001-DETAL DE SUPERMERCADO Y AUTOMERCADO","289,022","16.415,90","USD $","IVA1","KG","Producto","","apto_con_mapeo"
"5878","3404700","HERSHELYS SYRUP DE 1.36 KG.","50001-DETAL DE SUPERMERCADO Y AUTOMERCADO","0","7.302,69","USD $","IVA1","UNI","Producto","","apto_con_mapeo"
"5879","341","JAMON FIAMBRE PLUMROSE","50001-DETAL DE SUPERMERCADO Y AUTOMERCADO","0","4.939,16","USD $","IVA1","KG","Producto","","apto_con_mapeo"
"5880","342","JAMON DE PIERNA ECONOMICO PLUMROSE","50001-DETAL DE SUPERMERCADO Y AUTOMERCADO","-0,192","64.390,95","USD $","IVA1","KG","Producto","existencia_negativa","revisar_antes_de_importar"
"5881","3424102","CHOCOLATE HERSHEYS WHOLE ALMONDS DE 41 GR.","50001-DETAL DE SUPERMERCADO Y AUTOMERCADO","27","1.045,41","USD $","IVA1","UNI","Producto","","apto_con_mapeo"
"5882","3424607","CHOCOLATE KIT KAT DE 42 GR.","50001-DETAL DE SUPERMERCADO Y AUTOMERCADO","-2","1.651,44","USD $","IVA1","UNI","Producto","existencia_negativa","revisar_antes_de_importar"
"5883","343","BOLOGÑA DE POLLO PLUMROSE","50001-DETAL DE SUPERMERCADO Y AUTOMERCADO","-0,468","4.545,24","USD $","IVA1","KG","Producto","existencia_negativa","revisar_antes_de_importar"
"5884","344","QUESO SANTA BARBARA","50001-DETAL DE SUPERMERCADO Y AUTOMERCADO","3,871","11.128,27","USD $","EXENTO","KG","Producto","","apto_con_mapeo"
"5885","345","JAMON DE ESPALDA CORDILLERA","50001-DETAL DE SUPERMERCADO Y AUTOMERCADO","-2,166","6.393,64","USD $","IVA1","KG","Producto","existencia_negativa","revisar_antes_de_importar"
"5886","346","BOLOGÑA DE POLLO CON PIMENTO EBENEZER","50001-DETAL DE SUPERMERCADO Y AUTOMERCADO","0","4.545,24","USD $","EXENTO","KG","Producto","","apto_con_mapeo"
"5887","347","QUESO AMARILLO DONA FLORA POR OKILO","50001-DETAL DE SUPERMERCADO Y AUTOMERCADO","0","10.196,50","USD $","IVA1","KG","Producto","","apto_con_mapeo"
"5888","348","QUESO AMARILLO TACHIRA","50001-DETAL DE SUPERMERCADO Y AUTOMERCADO","31,922","10.779,80","USD $","IVA1","KG","Producto","","apto_con_mapeo"
"5889","349","SALCHIPOLLO A GRANEL CORRAL","50001-DETAL DE SUPERMERCADO Y AUTOMERCADO","0","0,25","Bs.","IVA1","KG","Producto","","apto_con_mapeo"
"5890","350","QUESO PALMITO","50001-DETAL DE SUPERMERCADO Y AUTOMERCADO","30,817","4.727,05","USD $","EXENTO","KG","Producto","","apto_con_mapeo"
"5891","351","SALCHICHAS BULK CARNE DETALLADA","50001-DETAL DE SUPERMERCADO Y AUTOMERCADO","0","0,25","Bs.","IVA1","KG","Producto","","apto_con_mapeo"
"5892","352","QUESO REQUESON","50001-DETAL DE SUPERMERCADO Y AUTOMERCADO","8,964","2.196,87","USD $","EXENTO","KG","Producto","","apto_con_mapeo"
"5893","353","QUESO MERIDEÑO","50001-DETAL DE SUPERMERCADO Y AUTOMERCADO","231,625","7.469,35","USD $","EXENTO","KG","Producto","","apto_con_mapeo"
"5894","354","BOLOGÑA CHARVENCA 1 KG.","50001-DETAL DE SUPERMERCADO Y AUTOMERCADO","0","4.545,24","USD $","IVA1","KG","Producto","","apto_con_mapeo"
"5895","355","QUESO AREPERO","50001-DETAL DE SUPERMERCADO Y AUTOMERCADO","-2","3.787,70","USD $","IVA1","KG","Producto","existencia_negativa","revisar_antes_de_importar"
"5896","356","BOLOGÑA NORMAL DE POLLO CORRAL GRANDE","50001-DETAL DE SUPERMERCADO Y AUTOMERCADO","0","4.166,47","USD $","IVA1","KG","Producto","","apto_con_mapeo"
"5897","357","BOLOGÑA NORMAL 1KG. CORRAL","50001-DETAL DE SUPERMERCADO Y AUTOMERCADO","-0,41","4.924,01","USD $","EXENTO","KG","Producto","existencia_negativa","revisar_antes_de_importar"
"5898","358","QUESO AMARILLO LOS FRAILES","50001-DETAL DE SUPERMERCADO Y AUTOMERCADO","3,341","19.665,75","USD $","IVA1","KG","Producto","","apto_con_mapeo"
"5899","359","FIAMBRE L PRADO","50001-DETAL DE SUPERMERCADO Y AUTOMERCADO","54,387","6.689,08","USD $","IVA1","KG","Producto","","apto_con_mapeo"
"5900","360","BOLOGÑA CON PIMENTON EL CORRAL","50001-DETAL DE SUPERMERCADO Y AUTOMERCADO","23,052","4.924,01","USD $","EXENTO","KG","Producto","","apto_con_mapeo"
"5901","361","MORTADELA DE POLLO PUNTA DEL MONTE","50001-DETAL DE SUPERMERCADO Y AUTOMERCADO","-149,924","4.916,44","USD $","EXENTO","KG","Producto","codigo_duplicado|existencia_negativa","revisar_antes_de_importar"
"5902","363","QUESO AMARILLO PALMIANDINO","50001-DETAL DE SUPERMERCADO Y AUTOMERCADO","0","7.242,09","USD $","IVA1","KG","Producto","","apto_con_mapeo"
"5903","364","BOLOGÑA DE POLLO MILLENNIUM","50001-DETAL DE SUPERMERCADO Y AUTOMERCADO","5","6.552,73","USD $","IVA1","KG","Producto","","apto_con_mapeo"
"5904","365","QUESO MOZZARELA","50001-DETAL DE SUPERMERCADO Y AUTOMERCADO","108,56","10.658,60","USD $","EXENTO","KG","Producto","","apto_con_mapeo"
"5905","366","QUESO MOZZARELLA ECONOMICO","50001-DETAL DE SUPERMERCADO Y AUTOMERCADO","1,96","10.658,60","USD $","EXENTO","KG","Producto","","apto_con_mapeo"
"5906","367","TOCINETA AHUMADA  MONTE ALEGRE","50001-DETAL DE SUPERMERCADO Y AUTOMERCADO","0","16.552,26","USD $","IVA1","KG","Producto","","apto_con_mapeo"
"5907","368","JAMON FIAMBRE DE CERDO ITALVECA","50001-DETAL DE SUPERMERCADO Y AUTOMERCADO","-0,03","4.939,16","USD $","IVA1","KG","Producto","existencia_negativa","revisar_antes_de_importar"
"5908","369","NATILLA DE LECHE LA CREMOSA DE 450 GR.","50001-DETAL DE SUPERMERCADO Y AUTOMERCADO","3","3.522,56","USD $","IVA1","UNI","Producto","","apto_con_mapeo"
"5909","370","PAPEL HIGUIENICO ALTO DIAMETRO PRIMIUM","50001-DETAL DE SUPERMERCADO Y AUTOMERCADO","0","0,34","Bs.","IVA1","GR","Producto","","apto_con_mapeo"
"5910","371","PAPEL HIGIENICO NOAM 4 X ROLLO 200 METROS","50001-DETAL DE SUPERMERCADO Y AUTOMERCADO","0","0,95","Bs.","IVA1","UNI","Producto","","apto_con_mapeo"
"5911","372","TOALLA DE MANO NOAM 180 METROS","50001-DETAL DE SUPERMERCADO Y AUTOMERCADO","0","1","Bs.","IVA1","UNI","Producto","","apto_con_mapeo"
"5912","373","QUESO AMARILLO PACOMELA","50001-DETAL DE SUPERMERCADO Y AUTOMERCADO","1,273","14.438,72","USD $","IVA1","KG","Producto","","apto_con_mapeo"
"5913","374","BOLOGÑA DE CERDO PLUMROSE","50001-DETAL DE SUPERMERCADO Y AUTOMERCADO","0","4.545,24","USD $","IVA1","KG","Producto","","apto_con_mapeo"
"5914","375","BOLOGÑA  OSCAR MAYER","50001-DETAL DE SUPERMERCADO Y AUTOMERCADO","0","6.136,08","USD $","IVA1","KG","Producto","","apto_con_mapeo"
"5915","376","BOLOGÑA DE POLLO CON PIMEMTON OSCAR  MAYER","50001-DETAL DE SUPERMERCADO Y AUTOMERCADO","0,905","7.226,94","USD $","IVA1","KG","Producto","","apto_con_mapeo"
"5916","377","JAMON AHUMADO TIPO AREPERO DON DIEGO","50001-DETAL DE SUPERMERCADO Y AUTOMERCADO","2,648","6.333,04","USD $","IVA1","KG","Producto","","apto_con_mapeo"
"5917","380","NATILLA CRIOLLA 500 GR","50001-DETAL DE SUPERMERCADO Y AUTOMERCADO","0","0,02","Bs.","EXENTO","UNI","Producto","","apto_con_mapeo"
"5918","38000138416","PAPAS PRINGLES ORIGINAL 149 GR.","50001-DETAL DE SUPERMERCADO Y AUTOMERCADO","0","2.893,81","USD $","IVA1","UNI","Producto","","apto_con_mapeo"
"5919","38000138430","PAPAS PRINGLES CON SABOR A CEBOLLA DE 149 GR.","50001-DETAL DE SUPERMERCADO Y AUTOMERCADO","-1","2.893,81","USD $","IVA1","UNI","Producto","existencia_negativa","revisar_antes_de_importar"
"5920","38000138577","PAPAS PRINGLES CHEDDAR CHEESE DE 149 GR.","50001-DETAL DE SUPERMERCADO Y AUTOMERCADO","-18","2.893,81","USD $","IVA1","UNI","Producto","existencia_negativa","revisar_antes_de_importar"
"5921","38000138607","PAPAS PRINGLES SALT Y VINAGRE DE 158 GR.","50001-DETAL DE SUPERMERCADO Y AUTOMERCADO","-1","2.765,02","USD $","IVA1","UNI","Producto","existencia_negativa","revisar_antes_de_importar"
"5922","38000138638","PAPAS PRINGLES PIZZA DE 158 GR.","50001-DETAL DE SUPERMERCADO Y AUTOMERCADO","5","2.893,81","USD $","IVA1","UNI","Producto","","apto_con_mapeo"
"5923","38000138720","PAPAS PRINGLES RANCH DE 158 GR.","50001-DETAL DE SUPERMERCADO Y AUTOMERCADO","4","2.893,81","USD $","IVA1","UNI","Producto","","apto_con_mapeo"
"5924","38000138973","PAPAS PRINGLES CHEDDAR A SOUR CREAM","50001-DETAL DE SUPERMERCADO Y AUTOMERCADO","-1","2.893,81","USD $","IVA1","UNI","Producto","existencia_negativa","revisar_antes_de_importar"
"5925","38000183713","PAPAS PRINGLES BBQ DE 149 GR.","50001-DETAL DE SUPERMERCADO Y AUTOMERCADO","3","2.893,81","USD $","IVA1","UNI","Producto","","apto_con_mapeo"
"5926","38000183737","PAPAS PRINGLES BBQ DE 40 GR.","50001-DETAL DE SUPERMERCADO Y AUTOMERCADO","1","1.280,24","USD $","IVA1","UNI","Producto","","apto_con_mapeo"
"5927","38000280191","PRINGLES HOMESTYLE RANCH DE 158 GR.","50001-DETAL DE SUPERMERCADO Y AUTOMERCADO","0","2.636,24","USD $","IVA1","UNI","Producto","","apto_con_mapeo"
"5928","38000284458","PRINGLES ADOBADA DE 158GR.","50001-DETAL DE SUPERMERCADO Y AUTOMERCADO","0","2.636,24","USD $","IVA1","UNI","Producto","","apto_con_mapeo"
"5929","38000284472","PRINGLES DE HABANERAS DE 158 GR.","50001-DETAL DE SUPERMERCADO Y AUTOMERCADO","0","2.636,24","USD $","IVA1","UNI","Producto","","apto_con_mapeo"
"5930","38000845512","PAPAS PRINGLEES PEQ. DE 37 GR.","50001-DETAL DE SUPERMERCADO Y AUTOMERCADO","52","878,75","USD $","IVA1","UNI","Producto","","apto_con_mapeo"
"5931","38000845529","PAPAS PRINGLES SOUR CREAM  DE 40 GR.","50001-DETAL DE SUPERMERCADO Y AUTOMERCADO","47","878,75","USD $","IVA1","UNI","Producto","","apto_con_mapeo"
"5932","38000845536","PAPAS PRINGLES CHEDDAR CHEESE DE 40 GR.","50001-DETAL DE SUPERMERCADO Y AUTOMERCADO","53","878,75","USD $","IVA1","UNI","Producto","","apto_con_mapeo"
"5933","38000846731","PAPAS PRINGLES ORIGINAL DE 37 GR","50001-DETAL DE SUPERMERCADO Y AUTOMERCADO","0","0,3","Bs.","IVA1","UNI","Producto","","apto_con_mapeo"
"5934","38000846748","PAPAS PRINGLES  DE CREMA Y CEBOLLA DE 40 GR","50001-DETAL DE SUPERMERCADO Y AUTOMERCADO","0","0,3","Bs.","IVA1","UNI","Producto","","apto_con_mapeo"
"5935","38000846755","PAPAS PRINGLES DE QUESO DE 40 GR","50001-DETAL DE SUPERMERCADO Y AUTOMERCADO","0","0,3","Bs.","IVA1","UNI","Producto","","apto_con_mapeo"
"5936","381","MORTADELA EXTRA PLUMROSE","50001-DETAL DE SUPERMERCADO Y AUTOMERCADO","0","6.499,70","USD $","EXENTO","KG","Producto","","apto_con_mapeo"
"5937","382","JAMON DE PIERNA ITALICO ALIMEX","50001-DETAL DE SUPERMERCADO Y AUTOMERCADO","0","3.977,09","USD $","IVA1","KG","Producto","","apto_con_mapeo"
"5938","383","JAMON DE ESPALDA MONSERRATINA","50001-DETAL DE SUPERMERCADO Y AUTOMERCADO","0","6.393,64","USD $","IVA1","KG","Producto","","apto_con_mapeo"
"5939","384","QUESO FUNDIDO EMMANUEL","50001-DETAL DE SUPERMERCADO Y AUTOMERCADO","3,79","9.741,97","USD $","IVA1","KG","Producto","","apto_con_mapeo"
"5940","385","MORTADELA DE POLLO FONTANA DE 500 GR.","50001-DETAL DE SUPERMERCADO Y AUTOMERCADO","0","1.969,61","USD $","EXENTO","UNI","Producto","","apto_con_mapeo"
"5941","386","JAMON DE ESPALDA GIACOMELLO","50001-DETAL DE SUPERMERCADO Y AUTOMERCADO","0","0,42","Bs.","IVA1","UNI","Producto","","apto_con_mapeo"
"5942","387","JAMON PLANCHADO EN ENVASE DE 1.3 KG.","50001-DETAL DE SUPERMERCADO Y AUTOMERCADO","0","18.453,69","USD $","IVA1","KG","Producto","","apto_con_mapeo"
"5943","388","QUESO TORONDOY BOLA  DE 1 KG.","50001-DETAL DE SUPERMERCADO Y AUTOMERCADO","0","53,03","USD $","IVA1","KG","Producto","","apto_con_mapeo"
"5944","389","QUESO FUNDIDO TORONDOY DE 250 GR.","50001-DETAL DE SUPERMERCADO Y AUTOMERCADO","0","5.416,42","USD $","EXENTO","UNI","Producto","","apto_con_mapeo"
"5945","390","JAMON TIPO TENDER PLUMROSE BOLA","50001-DETAL DE SUPERMERCADO Y AUTOMERCADO","20,58","17.158,29","USD $","IVA1","KG","Producto","","apto_con_mapeo"
"5946","391","LEVADURA INSTANTANEA","50001-DETAL DE SUPERMERCADO Y AUTOMERCADO","86","3.568,02","USD $","EXENTO","KG","Producto","","apto_con_mapeo"
"5947","392","LEVADURA EN PASTA","50001-DETAL DE SUPERMERCADO Y AUTOMERCADO","894,114","3.401,36","USD $","IVA1","KG","Producto","","apto_con_mapeo"
"5948","393","QUESO AMARILLO BRIGACH L PRADO","50001-DETAL DE SUPERMERCADO Y AUTOMERCADO","289,684","26.120,00","USD $","IVA1","KG","Producto","","apto_con_mapeo"
"5949","394","JAMON AHUMADO TIPO TENDER OSCAR MAYER DECORADO","50001-DETAL DE SUPERMERCADO Y AUTOMERCADO","-5,06","15.150,81","USD $","IVA1","KG","Producto","existencia_negativa","revisar_antes_de_importar"
"5950","395","QUESO PECORINO TOSCANO","50001-DETAL DE SUPERMERCADO Y AUTOMERCADO","2,072","41.066,28","USD $","IVA1","KG","Producto","","apto_con_mapeo"
"5951","396","MORTADELA TAPARA","50001-DETAL DE SUPERMERCADO Y AUTOMERCADO","8,896","10.863,13","USD $","EXENTO","KG","Producto","","apto_con_mapeo"
"5952","397","QUESO TIPO PAISA PARDITO","50001-DETAL DE SUPERMERCADO Y AUTOMERCADO","9,02","8.787,47","USD $","EXENTO","KG","Producto","","apto_con_mapeo"
"5953","398","JAMON DE PIERNA MOVILLA","50001-DETAL DE SUPERMERCADO Y AUTOMERCADO","0","3.977,09","USD $","IVA1","KG","Producto","","apto_con_mapeo"
"5954","39800011329","PILAS ENERGIZER AA4","50001-DETAL DE SUPERMERCADO Y AUTOMERCADO","0","3.166,52","USD $","IVA1","UNI","Producto","","apto_con_mapeo"
"5955","39800011367","PILAS ENERGIZER C2 MAX","50001-DETAL DE SUPERMERCADO Y AUTOMERCADO","5","3.318,03","USD $","IVA1","UNI","Producto","","apto_con_mapeo"
"5956","39800011398","PILAS ENERGIZER D2 MAX","50001-DETAL DE SUPERMERCADO Y AUTOMERCADO","2","5.264,91","USD $","IVA1","UNI","Producto","","apto_con_mapeo"
"5957","39800013613","POLAS ENERGIZER 9V1 MAX","50001-DETAL DE SUPERMERCADO Y AUTOMERCADO","0","2.265,05","USD $","IVA1","UNI","Producto","","apto_con_mapeo"
"5958","39800014009","PILAS ENERGIZER AAA DOS UNIDADES","50001-DETAL DE SUPERMERCADO Y AUTOMERCADO","8","2.643,82","USD $","IVA1","UNI","Producto","","apto_con_mapeo"
"5959","39800015464","PILAS ENERGIZER AA2","50001-DETAL DE SUPERMERCADO Y AUTOMERCADO","4","1.916,58","USD $","IVA1","UNI","Producto","","apto_con_mapeo"
"5960","39800040008","PILAS EVERADY AA4 SUPER","50001-DETAL DE SUPERMERCADO Y AUTOMERCADO","-2","1.333,27","USD $","IVA1","UNI","Producto","existencia_negativa","revisar_antes_de_importar"
"5961","39800059154","PILAS EVEREADY C2 SUPER","50001-DETAL DE SUPERMERCADO Y AUTOMERCADO","3","1.356,00","USD $","IVA1","UNI","Producto","","apto_con_mapeo"
"5962","39800059352","PILAS EVEREADY DE D2 SUPER","50001-DETAL DE SUPERMERCADO Y AUTOMERCADO","-3","2.219,59","USD $","IVA1","UNI","Producto","existencia_negativa","revisar_antes_de_importar"
"5963","39800064707","PILAS ENERGIZER DOBLE A.A","50001-DETAL DE SUPERMERCADO Y AUTOMERCADO","-1","1.977,18","USD $","IVA1","UNI","Producto","existencia_negativa","revisar_antes_de_importar"
"5964","39800064738","PILAS ENERGIZER TRIPLE A,A,A","50001-DETAL DE SUPERMERCADO Y AUTOMERCADO","1","1.977,18","USD $","IVA1","UNI","Producto","","apto_con_mapeo"
"5965","39800088611","PILAS ENERGIZER 2016","50001-DETAL DE SUPERMERCADO Y AUTOMERCADO","1","1.681,74","USD $","IVA1","UNI","Producto","","apto_con_mapeo"
"5966","39800088635","PILAS ENERGIZER 2032 LITHIUM","50001-DETAL DE SUPERMERCADO Y AUTOMERCADO","0","1.681,74","USD $","IVA1","UNI","Producto","","apto_con_mapeo"
"5967","39800099099","PILASENERGIZER AAA4","50001-DETAL DE SUPERMERCADO Y AUTOMERCADO","0","2.704,42","USD $","IVA1","UNI","Producto","","apto_con_mapeo"
"5968","39800110091","PILAS ENERGIZER A23 PAR","50001-DETAL DE SUPERMERCADO Y AUTOMERCADO","31","1.681,74","USD $","IVA1","UNI","Producto","","apto_con_mapeo"
"5969","399","JAMON DE PAVO EL PRADO","50001-DETAL DE SUPERMERCADO Y AUTOMERCADO","42,708","8.734,44","USD $","IVA1","KG","Producto","","apto_con_mapeo"
"5970","400","GALLETAS DE SODA PREMIUM 6 UNI  DE 156 GR.","50001-DETAL DE SUPERMERCADO Y AUTOMERCADO","0","886,32","USD $","IVA1","UNI","Producto","","apto_con_mapeo"
"5971","40000002376","MINI M/M 30 GR.","50001-DETAL DE SUPERMERCADO Y AUTOMERCADO","0","1.552,96","USD $","IVA1","UNI","Producto","","apto_con_mapeo"
"5972","40000015024","MINI SNICKERS DE 124 GR.","50001-DETAL DE SUPERMERCADO Y AUTOMERCADO","0","3.810,43","USD $","IVA1","UNI","Producto","","apto_con_mapeo"
"5973","40000422068","CHOCOLATE MILKY WAY DE 53 GR.","50001-DETAL DE SUPERMERCADO Y AUTOMERCADO","-6","1.651,44","USD $","IVA1","UNI","Producto","existencia_negativa","revisar_antes_de_importar"
"5974","40000508830","CARAMELOS M&M DE 40 GR.","50001-DETAL DE SUPERMERCADO Y AUTOMERCADO","14","2.408,98","USD $","IVA1","UNI","Producto","","apto_con_mapeo"
"5975","40000514206","TWIX DE 50.7 GR.","50001-DETAL DE SUPERMERCADO Y AUTOMERCADO","0","1.499,93","USD $","IVA1","UNI","Producto","","apto_con_mapeo"
"5976","40000514251","CHOCOLATE SNICKERS DE 53 GR.","50001-DETAL DE SUPERMERCADO Y AUTOMERCADO","24","2.961,98","USD $","IVA1","UNI","Producto","","apto_con_mapeo"
"5977","40000514480","CHOCOLATE CANDIES MILK  M&M DE 48 GR.","50001-DETAL DE SUPERMERCADO Y AUTOMERCADO","0","1.575,68","USD $","IVA1","UNI","Producto","","apto_con_mapeo"
"5978","40000514510","CHOCOLATE M&M PEANUT DE 49.3 GR.","50001-DETAL DE SUPERMERCADO Y AUTOMERCADO","0","1.575,68","USD $","IVA1","UNI","Producto","","apto_con_mapeo"
"5979","40000580881","CARAMELOS M&M DE 38 GR.","50001-DETAL DE SUPERMERCADO Y AUTOMERCADO","13","2.408,98","USD $","IVA1","UNI","Producto","","apto_con_mapeo"
"5980","40000602040","CHOCOLATE MILKYWAY BAR DE 1.84 GR.","50001-DETAL DE SUPERMERCADO Y AUTOMERCADO","6","2.961,98","USD $","IVA1","UNI","Producto","","apto_con_mapeo"
"5981","401","MAIZ PARA COTUFA DE 1 KG.","50001-DETAL DE SUPERMERCADO Y AUTOMERCADO","0","1.537,81","USD $","EXENTO","UNI","Producto","","apto_con_mapeo"
"5982","4010508","SNICKER ALMOND DE 49 GR.","50001-DETAL DE SUPERMERCADO Y AUTOMERCADO","0","1.499,93","USD $","IVA1","UNI","Producto","","apto_con_mapeo"
"5983","402","MASCARILLAS","50001-DETAL DE SUPERMERCADO Y AUTOMERCADO","0","0,06","Bs.","IVA1","UNI","Producto","","apto_con_mapeo"
"5984","403","JAMON DE PIERNA SANTORINO","50001-DETAL DE SUPERMERCADO Y AUTOMERCADO","0","3.977,09","USD $","IVA1","KG","Producto","","apto_con_mapeo"
"5985","404","CAJA DE CARTON PARA TORTAS 35X35X10CM","50001-DETAL DE SUPERMERCADO Y AUTOMERCADO","-51","871,17","USD $","IVA1","UNI","Producto","existencia_negativa","revisar_antes_de_importar"
"5986","405","CARBON EL ZULIA DE 10 KG.","50001-DETAL DE SUPERMERCADO Y AUTOMERCADO","0","15.779,57","USD $","IVA1","UNI","Producto","","apto_con_mapeo"
"5987","406","CARBON RESTAURANT DE 10 KG.","50001-DETAL DE SUPERMERCADO Y AUTOMERCADO","0","15.779,57","USD $","IVA1","UNI","Producto","","apto_con_mapeo"
"5988","407","JABON IRISH SPRING ORIGINAL DE 104.8 GR.","50001-DETAL DE SUPERMERCADO Y AUTOMERCADO","-1","1.060,56","USD $","IVA1","UNI","Producto","existencia_negativa","revisar_antes_de_importar"
"5989","408","CAJA DE CARTON PARA BRAZO GITANO","50001-DETAL DE SUPERMERCADO Y AUTOMERCADO","0","530,28","USD $","IVA1","UNI","Producto","","apto_con_mapeo"
"5990","409","CUBITO KNORR POR UNIDAD","50001-DETAL DE SUPERMERCADO Y AUTOMERCADO","228","439,37","USD $","IVA1","UNI","Producto","","apto_con_mapeo"
"5991","410","VASO PARA JUGO NØ107 POR UNIDAD","50001-DETAL DE SUPERMERCADO Y AUTOMERCADO","-135","151,51","USD $","IVA1","UNI","Producto","existencia_negativa","revisar_antes_de_importar"
"5992","4103","QUESO PARMESANO QUENACA","50001-DETAL DE SUPERMERCADO Y AUTOMERCADO","10,419","41.066,28","USD $","IVA1","KG","Producto","","apto_con_mapeo"
"5993","411","VASO PARA CAFE PEQUEÑO NØ 27 POR UNIDAD","50001-DETAL DE SUPERMERCADO Y AUTOMERCADO","-94","15,15","USD $","IVA1","UNI","Producto","existencia_negativa","revisar_antes_de_importar"
"5994","41116005190","CHUPETAS RING POP DE 14 GR.","50001-DETAL DE SUPERMERCADO Y AUTOMERCADO","-2","939,35","USD $","IVA1","UNI","Producto","existencia_negativa","revisar_antes_de_importar"
"5995","412","VASO PARA CAFE GRANDE NØ 57 POR UNIDAD","50001-DETAL DE SUPERMERCADO Y AUTOMERCADO","-780","151,51","USD $","IVA1","UNI","Producto","existencia_negativa","revisar_antes_de_importar"
"5996","413","CARBON POPULAR DE 10KG.","50001-DETAL DE SUPERMERCADO Y AUTOMERCADO","0","15.150,81","USD $","IVA1","UNI","Producto","","apto_con_mapeo"
"5997","41333001005","PILAS DURACELL DE AA 2","50001-DETAL DE SUPERMERCADO Y AUTOMERCADO","0","1.833,25","USD $","IVA1","UNI","Producto","","apto_con_mapeo"
"5998","41333014630","PILAS 2 AA DURACEL","50001-DETAL DE SUPERMERCADO Y AUTOMERCADO","0","0,01","Bs.","IVA1","UNI","Producto","","apto_con_mapeo"
"5999","41333038865","PILAS DURACELL MONEDA CR2032","50001-DETAL DE SUPERMERCADO Y AUTOMERCADO","2","757,54","USD $","IVA1","UNI","Producto","","apto_con_mapeo"
"6000","41333431482","PILAS 3 AAA DURACELL","50001-DETAL DE SUPERMERCADO Y AUTOMERCADO","0","0,01","Bs.","IVA1","UNI","Producto","","apto_con_mapeo"
"6001","414","4","50001-DETAL DE SUPERMERCADO Y AUTOMERCADO","0","4.855,84","USD $","EXENTO","UNI","Producto","","apto_con_mapeo"
"6002","415","VELAS BLANCAS GRANDE","50001-DETAL DE SUPERMERCADO Y AUTOMERCADO","-92","333,32","USD $","IVA1","UNI","Producto","existencia_negativa","revisar_antes_de_importar"
"6003","41500007007","MOSTAZA FRENCHS 226 GR","50001-DETAL DE SUPERMERCADO Y AUTOMERCADO","0","3.060,46","USD $","EXENTO","UNI","Producto","","apto_con_mapeo"
"6004","416","BOLSA DE PAPEL DE UN KILO","50001-DETAL DE SUPERMERCADO Y AUTOMERCADO","6367","37.346,75","USD $","EXENTO","UNI","Producto","","apto_con_mapeo"
"6005","417","BOLSA DE PAPEL MEDIANA","50001-DETAL DE SUPERMERCADO Y AUTOMERCADO","4947","65.451,51","USD $","EXENTO","UNI","Producto","","apto_con_mapeo"
"6006","41789001215","SOPA MARUCHAN INSTANT LUNCH DE 64 GR.","50001-DETAL DE SUPERMERCADO Y AUTOMERCADO","0","2.128,69","USD $","IVA1","UNI","Producto","","apto_con_mapeo"
"6007","41789001888","SOPA IN64 G.STANT MARUCHAN SABOR A CARNE 64 G.","50001-DETAL DE SUPERMERCADO Y AUTOMERCADO","0","0","Bs.","IVA1","UNI","Producto","precio_venta_ausente_o_cero","revisar_antes_de_importar"
"6008","41789001956","SOPA INSTANT CO CAMARON DE 64 GR.","50001-DETAL DE SUPERMERCADO Y AUTOMERCADO","0","0","Bs.","IVA1","UNI","Producto","precio_venta_ausente_o_cero","revisar_antes_de_importar"
"6009","418","BOLSA DE PAPEL LARGA PARA PAN","50001-DETAL DE SUPERMERCADO Y AUTOMERCADO","-12","181,81","USD $","EXENTO","UNI","Producto","existencia_negativa","revisar_antes_de_importar"
"6010","419","BOLSA GRANDE DE PAPEL","50001-DETAL DE SUPERMERCADO Y AUTOMERCADO","-178","196,96","USD $","EXENTO","UNI","Producto","existencia_negativa","revisar_antes_de_importar"
"6011","420","BOLSA PLASTICA DE 15 KILOS POR UNIDAD","50001-DETAL DE SUPERMERCADO Y AUTOMERCADO","-55","30,3","USD $","EXENTO","UNI","Producto","existencia_negativa","revisar_antes_de_importar"
"6012","421","ANIS ESTRELLADO","50001-DETAL DE SUPERMERCADO Y AUTOMERCADO","-1","11","Bs.","EXENTO","KG","Producto","existencia_negativa","revisar_antes_de_importar"
"6013","422","ADORNOS DE PASTILLAJE","50001-DETAL DE SUPERMERCADO Y AUTOMERCADO","4","3.977,09","USD $","EXENTO","UNI","Producto","","apto_con_mapeo"
"6014","423","MEDIO CARTON DE HUEVOS","50001-DETAL DE SUPERMERCADO Y AUTOMERCADO","37","2.302,92","USD $","EXENTO","UNI","Producto","","apto_con_mapeo"
"6015","424","CARTON DE HUEVO","50001-DETAL DE SUPERMERCADO Y AUTOMERCADO","129","4.605,85","USD $","EXENTO","UNI","Producto","","apto_con_mapeo"
"6016","425","PONQUESITOS ONCE ONCE DE","50001-DETAL DE SUPERMERCADO Y AUTOMERCADO","0","348,47","USD $","IVA1","UNI","Producto","","apto_con_mapeo"
"6017","426","PLATOS PLASTICOS P-5","50001-DETAL DE SUPERMERCADO Y AUTOMERCADO","0","371,19","USD $","IVA1","UNI","Producto","","apto_con_mapeo"
"6018","430","JAMON AHUMADO OSCAR MAYER","50001-DETAL DE SUPERMERCADO Y AUTOMERCADO","5,93","13.135,75","USD $","IVA1","KG","Producto","","apto_con_mapeo"
"6019","43000955628","KOOL-AID DE CHERRY DE 3.6 KG.","50001-DETAL DE SUPERMERCADO Y AUTOMERCADO","19","659,06","USD $","IVA1","UNI","Producto","","apto_con_mapeo"
"6020","43000955673","KOOL-AID DE CHERRY DE 3.6 GR.","50001-DETAL DE SUPERMERCADO Y AUTOMERCADO","36","659,06","USD $","IVA1","UNI","Producto","","apto_con_mapeo"
"6021","432","JAMON AHUMADO PRADO","50001-DETAL DE SUPERMERCADO Y AUTOMERCADO","29,754","11.022,22","USD $","IVA1","KG","Producto","","apto_con_mapeo"
"6022","435","JAMON DE PAVO LEYTON","50001-DETAL DE SUPERMERCADO Y AUTOMERCADO","0","5.264,91","USD $","IVA1","KG","Producto","","apto_con_mapeo"
"6023","440","JAMON DE PIERNA TIJANA","50001-DETAL DE SUPERMERCADO Y AUTOMERCADO","-0,208","3.977,09","USD $","IVA1","KG","Producto","existencia_negativa","revisar_antes_de_importar"
"6024","441","JAMON DE PIERNA PRADO","50001-DETAL DE SUPERMERCADO Y AUTOMERCADO","4,587","8.310,22","USD $","IVA1","KG","Producto","","apto_con_mapeo"
"6025","456","PAN DE JAMON PEQUEÑO NORMAL","50001-DETAL DE SUPERMERCADO Y AUTOMERCADO","-3000","9.090,49","USD $","IVA1","UNI","Producto","existencia_negativa","revisar_antes_de_importar"
"6026","460","RECOLECTOR DE ORINA","50001-DETAL DE SUPERMERCADO Y AUTOMERCADO","88","757,54","USD $","IVA1","UNI","Producto","","apto_con_mapeo"
"6027","467","JAMON PIERNA ALIBAL","50001-DETAL DE SUPERMERCADO Y AUTOMERCADO","4,226","9.181,39","USD $","IVA1","KG","Producto","","apto_con_mapeo"
"6028","468","FIANDRE ALIBAL","50001-DETAL DE SUPERMERCADO Y AUTOMERCADO","8,504","5.151,28","USD $","IVA1","KG","Producto","","apto_con_mapeo"
"6029","476","COMBO DE TRES REFRESCO DE 2 LT.","50001-DETAL DE SUPERMERCADO Y AUTOMERCADO","0","4.166,47","USD $","IVA1","UNI","Producto","","apto_con_mapeo"
"6030","47677474208","HELADO TWIX BAR 89 ML.","50001-DETAL DE SUPERMERCADO Y AUTOMERCADO","0","2.689,27","USD $","IVA1","UNI","Producto","","apto_con_mapeo"
"6031","47677482487","HELADO SNICKER BAR 83 ML","50001-DETAL DE SUPERMERCADO Y AUTOMERCADO","0","2.749,87","USD $","IVA1","UNI","Producto","","apto_con_mapeo"
"6032","477","COMBO DE TRES REFRESCOS DE 1 LT.","50001-DETAL DE SUPERMERCADO Y AUTOMERCADO","0","1.893,85","USD $","IVA1","UNI","Producto","","apto_con_mapeo"
"6033","478","COMBO DE TRES REFRESCOS DE 1.5 LT.","50001-DETAL DE SUPERMERCADO Y AUTOMERCADO","0","3.030,16","USD $","IVA1","UNI","Producto","","apto_con_mapeo"
"6034","479","CURITAS ADHESIVAS SATNDARD","50001-DETAL DE SUPERMERCADO Y AUTOMERCADO","0","60,6","USD $","IVA1","UNI","Producto","","apto_con_mapeo"
"6035","480","ESPONJA IDEAL","50001-DETAL DE SUPERMERCADO Y AUTOMERCADO","0","969,65","USD $","IVA1","UNI","Producto","","apto_con_mapeo"
"6036","48001437234","MAYONESA HELLMANNS DE 739 ML.","50001-DETAL DE SUPERMERCADO Y AUTOMERCADO","0","6.052,75","USD $","EXENTO","UNI","Producto","","apto_con_mapeo"
"6037","4963406","COCA COLA ORIGINAL TASTE DE 355 ML","50001-DETAL DE SUPERMERCADO Y AUTOMERCADO","0","878,75","USD $","IVA1","UNI","Producto","","apto_con_mapeo"
"6038","50000010110","LECHE EVAPORADA CARNATION EVAPORADA DE354 ML","50001-DETAL DE SUPERMERCADO Y AUTOMERCADO","0","1.901,43","USD $","EXENTO","UNI","Producto","","apto_con_mapeo"
"6039","50000301621","COFFE MATE NESTLE DE 453.5 KG.","50001-DETAL DE SUPERMERCADO Y AUTOMERCADO","3","8.385,97","USD $","IVA1","UNI","Producto","","apto_con_mapeo"
"6040","501","CARBON VEGETAL CARBONERO 1.5 KG","50001-DETAL DE SUPERMERCADO Y AUTOMERCADO","0","643,91","USD $","IVA1","UNI","Producto","","apto_con_mapeo"
"6041","502","CARBON VEGETAL CARBONERO 3 KL","50001-DETAL DE SUPERMERCADO Y AUTOMERCADO","0","0,22","Bs.","IVA1","UNI","Producto","codigo_duplicado","revisar_antes_de_importar"
"6042","503","TABACOS LA GRAN JOYA","50001-DETAL DE SUPERMERCADO Y AUTOMERCADO","-3","363,62","USD $","EXENTO","UNI","Producto","existencia_negativa","revisar_antes_de_importar"
"6043","504","CHIMO EL APUREÑITO","50001-DETAL DE SUPERMERCADO Y AUTOMERCADO","252","681,79","USD $","EXENTO","UNI","Producto","","apto_con_mapeo"
"6044","505","CHIMO TIGRITO VARIADOS 18 GR.","50001-DETAL DE SUPERMERCADO Y AUTOMERCADO","1","659,06","USD $","EXENTO","UNI","Producto","","apto_con_mapeo"
"6045","506","CHIMO EL COLONIERO","50001-DETAL DE SUPERMERCADO Y AUTOMERCADO","0","219,69","USD $","EXENTO","UNI","Producto","","apto_con_mapeo"
"6046","507","REFRESCO COCA-COLA RETONABLE DE 1.25 LT CON BOTELLA","50001-DETAL DE SUPERMERCADO Y AUTOMERCADO","29","1.143,89","USD $","IVA1","UNI","Producto","","apto_con_mapeo"
"6047","508","REFRESCO RETORNABLE PEPSI COLA DE 1.25 LTS. SIN BOTELLA","50001-DETAL DE SUPERMERCADO Y AUTOMERCADO","1","1.143,89","USD $","IVA1","UNI","Producto","","apto_con_mapeo"
"6048","509","MORTADELA DE POLLO DON RAMON","50001-DETAL DE SUPERMERCADO Y AUTOMERCADO","-1","3.022,59","USD $","EXENTO","KG","Producto","existencia_negativa","revisar_antes_de_importar"
"6049","510","CIRUELAS PASAS DESHIDRATADAS DE 10 KG.","50001-DETAL DE SUPERMERCADO Y AUTOMERCADO","120","18.211,28","USD $","IVA1","KG","Producto","","apto_con_mapeo"
"6050","511","FRUTAS CONFITADAS","50001-DETAL DE SUPERMERCADO Y AUTOMERCADO","32","19.893,02","USD $","IVA1","UNI","Producto","","apto_con_mapeo"
"6051","512","CAJS DE NAVIDAD Nº 1","50001-DETAL DE SUPERMERCADO Y AUTOMERCADO","500","159,08","USD $","IVA1","UNI","Producto","","apto_con_mapeo"
"6052","513","CJA DE NAVIDAD Nº 3","50001-DETAL DE SUPERMERCADO Y AUTOMERCADO","500","212,11","USD $","IVA1","UNI","Producto","","apto_con_mapeo"
"6053","514","CAJA DE NAVIDAD Nº 6","50001-DETAL DE SUPERMERCADO Y AUTOMERCADO","501","371,19","USD $","IVA1","UNI","Producto","","apto_con_mapeo"
"6054","51497357504","TOSTONES SALSERITOS DE 80 GR.","50001-DETAL DE SUPERMERCADO Y AUTOMERCADO","0","840,87","USD $","IVA1","UNI","Producto","","apto_con_mapeo"
"6055","51497399986","ISELITAS DE YUCA CHIPS CREMA CEOLLA DE 70 GR.","50001-DETAL DE SUPERMERCADO Y AUTOMERCADO","-1","2.022,63","USD $","IVA1","UNI","Producto","existencia_negativa","revisar_antes_de_importar"
"6056","51497399993","ISELITAS YUCA CHIOS LIMON DE 70 GR.","50001-DETAL DE SUPERMERCADO Y AUTOMERCADO","0","2.068,09","USD $","IVA1","UNI","Producto","","apto_con_mapeo"
"6057","515","GALLETAS CHARMY POR UNIDAD DE 12 GR.","50001-DETAL DE SUPERMERCADO Y AUTOMERCADO","-1","45,45","USD $","IVA1","UNI","Producto","existencia_negativa","revisar_antes_de_importar"
"6058","516","GALLETAS RELLENAS CON GUAYABA EL VEINTADIERO","50001-DETAL DE SUPERMERCADO Y AUTOMERCADO","-1","727,24","USD $","IVA1","UNI","Producto","existencia_negativa","revisar_antes_de_importar"
"6059","517","BANMDEJAS DE ANIME BT01","50001-DETAL DE SUPERMERCADO Y AUTOMERCADO","500","22,73","USD $","EXENTO","UNI","Producto","","apto_con_mapeo"
"6060","518","BANDEJAS DE ANIME TIPO D","50001-DETAL DE SUPERMERCADO Y AUTOMERCADO","3","13.628,16","USD $","IVA1","UNI","Producto","","apto_con_mapeo"
"6061","519","GUANTES DE LIMPIEZA MARCA SUN NEGRO","50001-DETAL DE SUPERMERCADO Y AUTOMERCADO","12","1.469,63","USD $","IVA1","UNI","Producto","","apto_con_mapeo"
"6062","520","PAN DE GUAYABA CON QUESO PEQUEÑO","50001-DETAL DE SUPERMERCADO Y AUTOMERCADO","-1166","1.060,56","USD $","IVA1","UNI","Producto","codigo_duplicado|existencia_negativa","revisar_antes_de_importar"
"6063","52000103151","GATORADE GLACIER CHERRY DE 355ML.","50001-DETAL DE SUPERMERCADO Y AUTOMERCADO","0","1.499,93","USD $","IVA1","UNI","Producto","","apto_con_mapeo"
"6064","52000104615","GTATORADE COOL BLUE DE 355ML.","50001-DETAL DE SUPERMERCADO Y AUTOMERCADO","0","1.499,93","USD $","IVA1","UNI","Producto","","apto_con_mapeo"
"6065","52000122473","GATORADE FRUIT PUNCH DE 355 ML","50001-DETAL DE SUPERMERCADO Y AUTOMERCADO","4","1.166,61","USD $","IVA1","UNI","Producto","","apto_con_mapeo"
"6066","52000122480","GATORADE ORANGE DE 355 ML.","50001-DETAL DE SUPERMERCADO Y AUTOMERCADO","3","1.166,61","USD $","IVA1","UNI","Producto","","apto_con_mapeo"
"6067","52000124859","GATORADE DE LIMON DE 355 ML.","50001-DETAL DE SUPERMERCADO Y AUTOMERCADO","14","1.166,61","USD $","IVA1","UNI","Producto","","apto_con_mapeo"
"6068","521","BOLSAS DE ASA DE 2 KILOS","50001-DETAL DE SUPERMERCADO Y AUTOMERCADO","5360","12.741,83","USD $","IVA1","UNI","Producto","","apto_con_mapeo"
"6069","522","MILLAR DE BOLSAS DE 3 KILOS CON  ASA","50001-DETAL DE SUPERMERCADO Y AUTOMERCADO","1984","14.014,50","USD $","IVA1","UNI","Producto","","apto_con_mapeo"
"6070","523","PINZAS TIPO CHEF FALUPA","50001-DETAL DE SUPERMERCADO Y AUTOMERCADO","24","6.855,74","USD $","IVA1","UNI","Producto","","apto_con_mapeo"
"6071","524","BOLSAS DE NAVIDAD PALSTICA DE NAVIDAD DE 10 KG.","50001-DETAL DE SUPERMERCADO Y AUTOMERCADO","8000","53,03","USD $","IVA1","UNI","Producto","","apto_con_mapeo"
"6072","525","BOLSAS DE ASA DE 25 KG.","50001-DETAL DE SUPERMERCADO Y AUTOMERCADO","1100","333,32","USD $","IVA1","UNI","Producto","","apto_con_mapeo"
"6073","528","AZUCAR CONFIT DE 50 KG.","50001-DETAL DE SUPERMERCADO Y AUTOMERCADO","10","60.338,11","USD $","EXENTO","UNI","Producto","","apto_con_mapeo"
"6074","52800488168","CREMA CORPORAL LUBRIDERM 177 ML","50001-DETAL DE SUPERMERCADO Y AUTOMERCADO","0","0,12","Bs.","IVA1","UNI","Producto","","apto_con_mapeo"
"6075","530","CHOCOLATE NESTLE ESPECIALIDADES POR UNIDAD","50001-DETAL DE SUPERMERCADO Y AUTOMERCADO","172","659,06","USD $","IVA1","UNI","Producto","","apto_con_mapeo"
"6076","531","BOLSA DE ASA D EUN KILO","50001-DETAL DE SUPERMERCADO Y AUTOMERCADO","999","22,73","USD $","IVA1","UNI","Producto","","apto_con_mapeo"
"6077","533","TRES CANILLAS","50001-DETAL DE SUPERMERCADO Y AUTOMERCADO","-47","909,05","USD $","EXENTO","UNI","Producto","existencia_negativa","revisar_antes_de_importar"
"6078","540","REFRESCO GOLDEN KOLA DE BOTELLA RETORNABLE DE 350CC.","50001-DETAL DE SUPERMERCADO Y AUTOMERCADO","207","507,55","USD $","IVA1","UNI","Producto","","apto_con_mapeo"
"6079","541","REFRESCO PEPSI RETORNABLE DE 350 ML.","50001-DETAL DE SUPERMERCADO Y AUTOMERCADO","58","704,51","USD $","IVA1","UNI","Producto","","apto_con_mapeo"
"6080","542","MIEL DE ABEJA APIARO EL PROGRESO DE 500 CC.","50001-DETAL DE SUPERMERCADO Y AUTOMERCADO","0","3.992,24","USD $","EXENTO","UNI","Producto","","apto_con_mapeo"
"6081","54228107010","GALLETAS MARIA LA TRAD. CARABOBO DE 200G","50001-DETAL DE SUPERMERCADO Y AUTOMERCADO","1","1.212,06","USD $","IVA1","UNI","Producto","","apto_con_mapeo"
"6082","54228107119","GALLETAS DE SODA CARABOBO DE 240G","50001-DETAL DE SUPERMERCADO Y AUTOMERCADO","0","2.037,78","USD $","IVA1","UNI","Producto","","apto_con_mapeo"
"6084","54228107164","GALLETA MARIA TRADICIONAL DE 22 GR,","50001-DETAL DE SUPERMERCADO Y AUTOMERCADO","0","68,18","USD $","IVA1","UNI","Producto","","apto_con_mapeo"
"6085","54228107201","GALLETAS DE SODA SIN SAL CARABOBO 235GR","50001-DETAL DE SUPERMERCADO Y AUTOMERCADO","4","757,54","USD $","IVA1","UNI","Producto","","apto_con_mapeo"
"6086","54228107300","GALLETAS SALTIN CARABOBO DE 235 GR.","50001-DETAL DE SUPERMERCADO Y AUTOMERCADO","0","1.121,16","USD $","IVA1","UNI","Producto","","apto_con_mapeo"
"6087","54228107607","GALLETAS DULCES CHOCOLATE CHIPS 150 GR","50001-DETAL DE SUPERMERCADO Y AUTOMERCADO","0","2.310,50","USD $","IVA1","UNI","Producto","","apto_con_mapeo"
"6088","54228109908","GALLETAS DULCES AVENA Y PASAS 150G","50001-DETAL DE SUPERMERCADO Y AUTOMERCADO","0","1.090,86","USD $","IVA1","UNI","Producto","","apto_con_mapeo"
"6089","54228110003","GALLETAS DULCES CON CHOCOLATE NOBLESE DE 84 GR.","50001-DETAL DE SUPERMERCADO Y AUTOMERCADO","0","1.552,96","USD $","IVA1","UNI","Producto","","apto_con_mapeo"
"6090","54228110607","MARIA CARABOBO ESTUCHE DE 400 GR.","50001-DETAL DE SUPERMERCADO Y AUTOMERCADO","0","0,23","Bs.","IVA1","UNI","Producto","","apto_con_mapeo"
"6091","54228110911","GALLETAS CREMITA NAVIDAD DE 192 GR.","50001-DETAL DE SUPERMERCADO Y AUTOMERCADO","0","901,47","USD $","IVA1","UNI","Producto","","apto_con_mapeo"
"6092","54228110973","GALLETAS CREMITAS DE VAINILLA 70 GR","50001-DETAL DE SUPERMERCADO Y AUTOMERCADO","0","0,06","Bs.","IVA1","UNI","Producto","","apto_con_mapeo"
"6093","54228110980","CREMITAS RELLENAS DE VAINILLA DE 32 GR.","50001-DETAL DE SUPERMERCADO Y AUTOMERCADO","0","0,01","Bs.","IVA1","UNI","Producto","","apto_con_mapeo"
"6094","54228110997","GALLETAS CREMITAS CHOCOLATE 70 GR","50001-DETAL DE SUPERMERCADO Y AUTOMERCADO","0","0,06","Bs.","IVA1","UNI","Producto","","apto_con_mapeo"
"6095","543","MIEL DE ABEJA EL PRIGRESO DE 1 LT.","50001-DETAL DE SUPERMERCADO Y AUTOMERCADO","0","5.893,67","USD $","EXENTO","UNI","Producto","","apto_con_mapeo"
"6096","544","CHIMO EL TURPIAL 19 GR.","50001-DETAL DE SUPERMERCADO Y AUTOMERCADO","0","424,22","USD $","EXENTO","UNI","Producto","","apto_con_mapeo"
"6097","545","CHIMO EL TURPIAL DE 7 GR.","50001-DETAL DE SUPERMERCADO Y AUTOMERCADO","0","90,9","USD $","EXENTO","UNI","Producto","","apto_con_mapeo"
"6098","546","POMIENTA NEGRA POR KILO","50001-DETAL DE SUPERMERCADO Y AUTOMERCADO","0","7.067,85","USD $","IVA1","UNI","Producto","","apto_con_mapeo"
"6099","547","CHIMO APUREÑITOS","50001-DETAL DE SUPERMERCADO Y AUTOMERCADO","-212","681,79","USD $","EXENTO","UNI","Producto","existencia_negativa","revisar_antes_de_importar"
"6100","548","5555","50001-DETAL DE SUPERMERCADO Y AUTOMERCADO","0","515,13","USD $","IVA1","UNI","Producto","","apto_con_mapeo"
"6101","549","REFRESCO DUMBO  MANZANITA DE 300 ML.","50001-DETAL DE SUPERMERCADO Y AUTOMERCADO","-21","636,33","USD $","IVA1","UNI","Producto","existencia_negativa","revisar_antes_de_importar"
"6102","550","CARAMELOS COMETIN DOBLE SABOR POR UNIDAD","50001-DETAL DE SUPERMERCADO Y AUTOMERCADO","0","45,45","USD $","IVA1","UNI","Producto","","apto_con_mapeo"
"6103","551","GOMITAS DRILO 11 GR.","50001-DETAL DE SUPERMERCADO Y AUTOMERCADO","0","227,26","USD $","IVA1","UNI","Producto","","apto_con_mapeo"
"6104","552","REFRESCO DUMBO NARANJA DE 300 ML.","50001-DETAL DE SUPERMERCADO Y AUTOMERCADO","-9","636,33","USD $","IVA1","UNI","Producto","existencia_negativa","revisar_antes_de_importar"
"6105","553","REFRESCO DUMBO UVA DE 300 ML.","50001-DETAL DE SUPERMERCADO Y AUTOMERCADO","13","636,33","USD $","IVA1","UNI","Producto","","apto_con_mapeo"
"6106","554","REFRESCO DUMBO KOLITA DE 300 ML.","50001-DETAL DE SUPERMERCADO Y AUTOMERCADO","43","636,33","USD $","IVA1","UNI","Producto","","apto_con_mapeo"
"6107","555","REFRESCO COCA COLA DE 350 ML","50001-DETAL DE SUPERMERCADO Y AUTOMERCADO","-40","704,51","USD $","IVA1","UNI","Producto","existencia_negativa","revisar_antes_de_importar"
"6108","556","REFRESCO PEPSI-COLA DE 1.25 LTS","50001-DETAL DE SUPERMERCADO Y AUTOMERCADO","8","1.363,57","USD $","IVA1","UNI","Producto","","apto_con_mapeo"
"6109","557","REFRESCO RETORNABLE DE MANZANA DE 350 CC.","50001-DETAL DE SUPERMERCADO Y AUTOMERCADO","107","780,27","USD $","IVA1","UNI","Producto","","apto_con_mapeo"
"6110","560","CHOCOLATE MONEDA DE 4 GR.","50001-DETAL DE SUPERMERCADO Y AUTOMERCADO","-74","121,21","USD $","IVA1","UNI","Producto","codigo_duplicado|existencia_negativa","revisar_antes_de_importar"
"6111","561","TURRON DE MANI","50001-DETAL DE SUPERMERCADO Y AUTOMERCADO","186","727,24","USD $","IVA1","UNI","Producto","codigo_duplicado","revisar_antes_de_importar"
"6112","56100024798","TOALLAS SANITARIAS ALWAYSEXTRAS LARGAS 8 UNDS.","50001-DETAL DE SUPERMERCADO Y AUTOMERCADO","0","2.454,43","USD $","IVA1","UNI","Producto","","apto_con_mapeo"
"6113","562","NUTTELINI CREMOSITA DE 14 GR.","50001-DETAL DE SUPERMERCADO Y AUTOMERCADO","2","174,23","USD $","IVA1","UNI","Producto","codigo_duplicado","revisar_antes_de_importar"
"6114","565","CAJA PARA TORTA 30X30X10X100 GENERICA","50001-DETAL DE SUPERMERCADO Y AUTOMERCADO","-5","681,79","USD $","IVA1","UNI","Producto","codigo_duplicado|existencia_negativa","revisar_antes_de_importar"
"6115","566","MILLAR DE BOLSAS DE ASA DE 10 KILOS","50001-DETAL DE SUPERMERCADO Y AUTOMERCADO","4205","20.605,10","USD $","EXENTO","UNI","Producto","codigo_duplicado","revisar_antes_de_importar"
"6117","567","BOLSAS CANILLA Nº 2 DE 100 UNDS.","50001-DETAL DE SUPERMERCADO Y AUTOMERCADO","1002","53,03","USD $","IVA1","UNI","Producto","codigo_duplicado","revisar_antes_de_importar"
"6118","568","PREMEZCLA KEM MUFFIN VAINILLA DE 5 KG.","50001-DETAL DE SUPERMERCADO Y AUTOMERCADO","0","15.870,48","USD $","IVA1","UNI","Producto","codigo_duplicado","revisar_antes_de_importar"
"6119","569","BOLSAS CANILLA Nº3","50001-DETAL DE SUPERMERCADO Y AUTOMERCADO","26940","25.483,67","USD $","IVA1","UNI","Producto","codigo_duplicado","revisar_antes_de_importar"
"6120","570","ENVASES TRIANGULAR BAJO  N 4","50001-DETAL DE SUPERMERCADO Y AUTOMERCADO","400","98,48","USD $","IVA1","UNI","Producto","","apto_con_mapeo"
"6121","571","CARAMELOS PIÑATAS PARTY VARIADOS","50001-DETAL DE SUPERMERCADO Y AUTOMERCADO","0","83,33","USD $","IVA1","UNI","Producto","","apto_con_mapeo"
"6122","572","CARAMELOS MASTICABLES PLAY DE 11 GR.","50001-DETAL DE SUPERMERCADO Y AUTOMERCADO","0","75,75","USD $","IVA1","UNI","Producto","","apto_con_mapeo"
"6123","575","EASY PANETTON DE 10 KG.","50001-DETAL DE SUPERMERCADO Y AUTOMERCADO","40","50.588,56","USD $","IVA1","UNI","Producto","","apto_con_mapeo"
"6124","576","CEREZAS ROJAS Y VERDES DE 2.5 CADA UNA","50001-DETAL DE SUPERMERCADO Y AUTOMERCADO","3","46.134,22","USD $","IVA1","UNI","Producto","","apto_con_mapeo"
"6125","577","SAL POR SACO","50001-DETAL DE SUPERMERCADO Y AUTOMERCADO","25","6.166,38","USD $","EXENTO","UNI","Producto","","apto_con_mapeo"
"6126","580","TURRON NEGRO DE MANI","50001-DETAL DE SUPERMERCADO Y AUTOMERCADO","-137","727,24","USD $","IVA1","UNI","Producto","existencia_negativa","revisar_antes_de_importar"
"6127","582","BOMBONES POR UNIDAD TUBER","50001-DETAL DE SUPERMERCADO Y AUTOMERCADO","-2","234,84","USD $","IVA1","UNI","Producto","existencia_negativa","revisar_antes_de_importar"
"6128","583","HUEVOS DE CHOCOLTAE TOY TOY DE 20 GR.","50001-DETAL DE SUPERMERCADO Y AUTOMERCADO","-14","757,54","USD $","IVA1","UNI","Producto","existencia_negativa","revisar_antes_de_importar"
"6129","585","CARAMELOS BASTON DE NAVIDAD  DE 5 GR.","50001-DETAL DE SUPERMERCADO Y AUTOMERCADO","-21","280,29","USD $","IVA1","UNI","Producto","existencia_negativa","revisar_antes_de_importar"
"6130","586","CHICLE ACIDO SANDIA DE 3.5 GR.","50001-DETAL DE SUPERMERCADO Y AUTOMERCADO","28","68,18","USD $","IVA1","UNI","Producto","","apto_con_mapeo"
"6131","587","CHICLE ACIDO MARACUYA DE 3.5 GR.","50001-DETAL DE SUPERMERCADO Y AUTOMERCADO","6","68,18","USD $","IVA1","UNI","Producto","","apto_con_mapeo"
"6132","588","CHICLE DE MENTA TUMIX DE 2.8 GR.","50001-DETAL DE SUPERMERCADO Y AUTOMERCADO","32","45,45","USD $","IVA1","UNI","Producto","","apto_con_mapeo"
"6133","590","AZUCAR SAN CIPRIANO DE 50 KG.","50001-DETAL DE SUPERMERCADO Y AUTOMERCADO","0","66.701,45","USD $","EXENTO","UNI","Producto","","apto_con_mapeo"
"6134","591","AZUCAR SPLENDA POR UNIDAD","50001-DETAL DE SUPERMERCADO Y AUTOMERCADO","-10","22,73","USD $","EXENTO","UNI","Producto","existencia_negativa","revisar_antes_de_importar"
"6135","592","CAJAS DE TORTA 25X25X15","50001-DETAL DE SUPERMERCADO Y AUTOMERCADO","94","1.007,53","USD $","IVA1","UNI","Producto","","apto_con_mapeo"
"6136","593","REFRESCO DE 6 UNDS","50001-DETAL DE SUPERMERCADO Y AUTOMERCADO","0","11.363,11","USD $","IVA1","UNI","Producto","","apto_con_mapeo"
"6137","595","REFRESCO RETORNABLE DE NARANJA DE 350 CC.","50001-DETAL DE SUPERMERCADO Y AUTOMERCADO","8","704,51","USD $","IVA1","UNI","Producto","","apto_con_mapeo"
"6138","596","BOLSAS CANILLA N 1","50001-DETAL DE SUPERMERCADO Y AUTOMERCADO","994","45,45","USD $","IVA1","UNI","Producto","codigo_duplicado","revisar_antes_de_importar"
"6139","59642906720","CHICLE CRY NBABY 18 GR.","50001-DETAL DE SUPERMERCADO Y AUTOMERCADO","4","598,46","USD $","IVA1","UNI","Producto","","apto_con_mapeo"
"6140","597","GUANTES REFORZADO HORNERO","50001-DETAL DE SUPERMERCADO Y AUTOMERCADO","22","13.173,63","USD $","IVA1","UNI","Producto","","apto_con_mapeo"
"6141","598","GEL ABRILLANTADOR DE MELOCOTON DE 5 KG.","50001-DETAL DE SUPERMERCADO Y AUTOMERCADO","4","33.165,13","USD $","IVA1","UNI","Producto","","apto_con_mapeo"
"6142","599","ESENCIA DE COCO","50001-DETAL DE SUPERMERCADO Y AUTOMERCADO","10","7.105,73","USD $","EXENTO","UNI","Producto","","apto_con_mapeo"
"6143","600","SACOS PARA ESCOMBROS X 10 SACOS","50001-DETAL DE SUPERMERCADO Y AUTOMERCADO","-135","7.575,41","USD $","IVA1","UNI","Producto","existencia_negativa","revisar_antes_de_importar"
"6144","601","LECHE LIQUIDA SELLO ROJO DE 900 CC.","50001-DETAL DE SUPERMERCADO Y AUTOMERCADO","-5","2.386,25","USD $","EXENTO","UNI","Producto","existencia_negativa","revisar_antes_de_importar"
"6145","602","LECHE LIQUIDA DE LA MONTAÑA DE 900M.","50001-DETAL DE SUPERMERCADO Y AUTOMERCADO","-2","1.378,72","USD $","EXENTO","UNI","Producto","existencia_negativa","revisar_antes_de_importar"
"6146","603","LECHE LIQUIDA DE LA MONTAÑA DE 1.8 ML","50001-DETAL DE SUPERMERCADO Y AUTOMERCADO","1","2.598,36","USD $","EXENTO","UNI","Producto","codigo_duplicado","revisar_antes_de_importar"
"6147","604","LEVADURA FRESCA LEVAPAN DE 500 GR.","50001-DETAL DE SUPERMERCADO Y AUTOMERCADO","99","4.651,30","USD $","IVA1","UNI","Producto","codigo_duplicado","revisar_antes_de_importar"
"6148","605","GELATINA LA MONTAÑA DE 150 ML.","50001-DETAL DE SUPERMERCADO Y AUTOMERCADO","5","969,65","USD $","IVA1","UNI","Producto","codigo_duplicado","revisar_antes_de_importar"
"6149","606","QUESILLO LA MONTAÑA DE 150 ML.","50001-DETAL DE SUPERMERCADO Y AUTOMERCADO","8","1.196,91","USD $","IVA1","UNI","Producto","","apto_con_mapeo"
"6150","607","CIDRA EN CUBITO DE 5 KG.","50001-DETAL DE SUPERMERCADO Y AUTOMERCADO","2","23.612,54","USD $","IVA1","UNI","Producto","","apto_con_mapeo"
"6151","608","ARLEQUIN FRUTA INPA DE 5 KG.","50001-DETAL DE SUPERMERCADO Y AUTOMERCADO","5","26.021,52","USD $","IVA1","UNI","Producto","","apto_con_mapeo"
"6152","609","MERENGUE DE 5 KG.","50001-DETAL DE SUPERMERCADO Y AUTOMERCADO","2","46.429,66","USD $","IVA1","UNI","Producto","","apto_con_mapeo"
"6153","610","ENVASE TRIANGULAR ALTO DE 1* 200 MAXIPLAST","50001-DETAL DE SUPERMERCADO Y AUTOMERCADO","200","106,06","USD $","IVA1","UNI","Producto","","apto_con_mapeo"
"6154","611","MARGARINA AVEIRO DE 50 KG.","50001-DETAL DE SUPERMERCADO Y AUTOMERCADO","40","37.331,60","USD $","EXENTO","UNI","Producto","","apto_con_mapeo"
"6155","613","MARGARINA AVEIRO DE 5 KG.","50001-DETAL DE SUPERMERCADO Y AUTOMERCADO","15","19.127,90","USD $","EXENTO","UNI","Producto","","apto_con_mapeo"
"6156","614","HARINA ESPECIAL ATLAS DE 45 KG.","50001-DETAL DE SUPERMERCADO Y AUTOMERCADO","20","37.331,60","USD $","EXENTO","UNI","Producto","","apto_con_mapeo"
"6157","615","CAPCILLOS NUMERO 8","50001-DETAL DE SUPERMERCADO Y AUTOMERCADO","3","5.825,49","USD $","IVA1","UNI","Producto","","apto_con_mapeo"
"6158","61972003673","SOMBRA COVERGIRL NØ 220 DE 1.5 GR.","50001-DETAL DE SUPERMERCADO Y AUTOMERCADO","0","0,08","Bs.","IVA1","UNI","Producto","","apto_con_mapeo"
"6159","620","HARINA PANADERA MARY DE 45 KG.","50001-DETAL DE SUPERMERCADO Y AUTOMERCADO","0","43.975,23","USD $","EXENTO","UNI","Producto","codigo_duplicado","revisar_antes_de_importar"
"6160","621","GELATINA SIN SABOR DE 500 GR.","50001-DETAL DE SUPERMERCADO Y AUTOMERCADO","1","23.248,92","USD $","IVA1","KG","Producto","codigo_duplicado","revisar_antes_de_importar"
"6161","623","CAJA PARA PASTEL DE 15X13 6 CM","50001-DETAL DE SUPERMERCADO Y AUTOMERCADO","2009","227,26","USD $","EXENTO","UNI","Producto","","apto_con_mapeo"
"6162","624","CAJA DE PASTEL 24X15X7 CM","50001-DETAL DE SUPERMERCADO Y AUTOMERCADO","0","431,8","USD $","IVA1","UNI","Producto","","apto_con_mapeo"
"6163","625","CAJA DE CARTON PARA TORTA DE 25X25X10CM","50001-DETAL DE SUPERMERCADO Y AUTOMERCADO","88","727,24","USD $","IVA1","UNI","Producto","","apto_con_mapeo"
"6164","626","CAPACILLO BLANCO NUMERO 11 DE 1000 UNDS.","50001-DETAL DE SUPERMERCADO Y AUTOMERCADO","0","9.098,06","USD $","IVA1","UNI","Producto","","apto_con_mapeo"
"6165","627","CIRUELA PASASDESHIDRATADAS DE 10 KG.","50001-DETAL DE SUPERMERCADO Y AUTOMERCADO","10","29.218,34","USD $","EXENTO","UNI","Producto","","apto_con_mapeo"
"6166","628","DISCOS PARA TORTA N§11","50001-DETAL DE SUPERMERCADO Y AUTOMERCADO","149","1.469,63","USD $","IVA1","UNI","Producto","","apto_con_mapeo"
"6167","629","BOLSAS CANILLAS POR UNIDAD","50001-DETAL DE SUPERMERCADO Y AUTOMERCADO","0","151,51","USD $","EXENTO","UNI","Producto","","apto_con_mapeo"
"6168","630","MANTECA TRESCO POR KILO","50001-DETAL DE SUPERMERCADO Y AUTOMERCADO","0","3.848,31","USD $","IVA1","KG","Producto","","apto_con_mapeo"
"6169","631","TABACOS LA ESMERALDA","50001-DETAL DE SUPERMERCADO Y AUTOMERCADO","-64","363,62","USD $","EXENTO","UNI","Producto","existencia_negativa","revisar_antes_de_importar"
"6170","632","BOBINA DE PAPEL NAVIDEÑO DE 60 CMM X 8 KG.","50001-DETAL DE SUPERMERCADO Y AUTOMERCADO","4","92.116,94","USD $","IVA1","UNI","Producto","","apto_con_mapeo"
"6171","633","COLETO DE 65 75 CM","50001-DETAL DE SUPERMERCADO Y AUTOMERCADO","0","2.477,16","USD $","IVA1","UNI","Producto","","apto_con_mapeo"
"6172","634","MARGARINA  MIRASOL DE 5 KG.","50001-DETAL DE SUPERMERCADO Y AUTOMERCADO","20","19.226,38","USD $","EXENTO","KG","Producto","","apto_con_mapeo"
"6173","635","COPAS DE VIDRIO CRISTAR ARAGON","50001-DETAL DE SUPERMERCADO Y AUTOMERCADO","0","3,69","Bs.","IVA1","UNI","Producto","","apto_con_mapeo"
"6174","636","TABACOS BERMUDEZ CRIPIN PATIÑO","50001-DETAL DE SUPERMERCADO Y AUTOMERCADO","0","363,62","USD $","EXENTO","UNI","Producto","","apto_con_mapeo"
"6175","637","COCO RALLADO DEHIDRATADO DE 5 KG.","50001-DETAL DE SUPERMERCADO Y AUTOMERCADO","42","30.665,24","USD $","EXENTO","KG","Producto","","apto_con_mapeo"
"6176","638","NUECES SIN CASCARA 20%","50001-DETAL DE SUPERMERCADO Y AUTOMERCADO","0","144.766,01","USD $","EXENTO","UNI","Producto","","apto_con_mapeo"
"6177","639","UVAS PAS POR CAJA DE 10 KG.","50001-DETAL DE SUPERMERCADO Y AUTOMERCADO","0","3.605,89","USD $","EXENTO","KG","Producto","","apto_con_mapeo"
"6178","640","CAJA DE GUAYABA DE 20 KG","50001-DETAL DE SUPERMERCADO Y AUTOMERCADO","6","64.807,60","USD $","IVA1","KG","Producto","","apto_con_mapeo"
"6179","641","TEGRAL SATIN CAKE DE 10 KG.","50001-DETAL DE SUPERMERCADO Y AUTOMERCADO","52","84.230,94","USD $","IVA1","UNI","Producto","","apto_con_mapeo"
"6180","642","CAJAS DE CORAZONES PARA DULCES","50001-DETAL DE SUPERMERCADO Y AUTOMERCADO","10","545,43","USD $","IVA1","UNI","Producto","","apto_con_mapeo"
"6181","643","CAJAS DE DULCE SAN VALENTIN","50001-DETAL DE SUPERMERCADO Y AUTOMERCADO","12","545,43","USD $","IVA1","UNI","Producto","","apto_con_mapeo"
"6182","644","CAJAS PARA TORTA SANVALENTIN DE 30X30X4.5","50001-DETAL DE SUPERMERCADO Y AUTOMERCADO","42","1.272,67","USD $","IVA1","UNI","Producto","","apto_con_mapeo"
"6183","645","CAJAS DE UN DULCE","50001-DETAL DE SUPERMERCADO Y AUTOMERCADO","599","333,32","USD $","IVA1","UNI","Producto","","apto_con_mapeo"
"6184","646","DISCO DORADO NUMERO 6","50001-DETAL DE SUPERMERCADO Y AUTOMERCADO","23","712,09","USD $","IVA1","UNI","Producto","","apto_con_mapeo"
"6185","647","DISCO DORADO NUMERO 7","50001-DETAL DE SUPERMERCADO Y AUTOMERCADO","25","621,18","USD $","IVA1","UNI","Producto","","apto_con_mapeo"
"6186","648","DISCO  MUMERO 8","50001-DETAL DE SUPERMERCADO Y AUTOMERCADO","49","651,48","USD $","IVA1","UNI","Producto","","apto_con_mapeo"
"6187","65","VASOS DOMO DE 9 ONZ DE 48 UNDS.","50001-DETAL DE SUPERMERCADO Y AUTOMERCADO","0","20.862,67","USD $","IVA1","UNI","Producto","codigo_duplicado","revisar_antes_de_importar"
"6188","650","PAPEL SANI TISU JUMBO POR UNIDAD","50001-DETAL DE SUPERMERCADO Y AUTOMERCADO","0","1.939,30","USD $","IVA1","UNI","Producto","","apto_con_mapeo"
"6189","651","CAPACILLO Nº 10","50001-DETAL DE SUPERMERCADO Y AUTOMERCADO","10","6.855,74","USD $","IVA1","UNI","Producto","","apto_con_mapeo"
"6190","652","MANTECA VEGETAL FLAMELA DE 15 GR.","50001-DETAL DE SUPERMERCADO Y AUTOMERCADO","0","53.027,84","USD $","EXENTO","UNI","Producto","","apto_con_mapeo"
"6191","653","MARGARINA  SABROSITA DE 15 KG.","50001-DETAL DE SUPERMERCADO Y AUTOMERCADO","135","42.179,86","USD $","EXENTO","UNI","Producto","","apto_con_mapeo"
"6192","654","HARINA PANADERA MARY DE 45 KG.","50001-DETAL DE SUPERMERCADO Y AUTOMERCADO","0","53.179,35","USD $","EXENTO","UNI","Producto","","apto_con_mapeo"
"6193","655","GOMITAS VARIADAS BRASILERAS DE 1 KILO","50001-DETAL DE SUPERMERCADO Y AUTOMERCADO","0","12.726,68","USD $","IVA1","UNI","Producto","","apto_con_mapeo"
"6194","656","LLUVIA DE CARNAVAL DE 1 KILO","50001-DETAL DE SUPERMERCADO Y AUTOMERCADO","0","9.014,73","USD $","IVA1","UNI","Producto","","apto_con_mapeo"
"6195","657","PERLAS VARIADAS DE 1 KILO","50001-DETAL DE SUPERMERCADO Y AUTOMERCADO","0","14.847,80","USD $","IVA1","UNI","Producto","","apto_con_mapeo"
"6196","658","ESENCIA DE MANTECADO GALON","50001-DETAL DE SUPERMERCADO Y AUTOMERCADO","4","11.469,16","USD $","IVA1","UNI","Producto","","apto_con_mapeo"
"6197","659","CHOCOLATE NUTCAD DE RELLENO DE 5 KG.","50001-DETAL DE SUPERMERCADO Y AUTOMERCADO","14","36.248,32","USD $","IVA1","UNI","Producto","","apto_con_mapeo"
"6198","660","BOLSAS ASA  Nº 5 PLASTICAS PAQUETE DE 10 UNDS.","50001-DETAL DE SUPERMERCADO Y AUTOMERCADO","7743","19.385,46","USD $","IVA1","UNI","Producto","","apto_con_mapeo"
"6199","661","LEVADURA FRESCA DE 500 GR. LEVAPAN","50001-DETAL DE SUPERMERCADO Y AUTOMERCADO","0","2.575,64","USD $","IVA1","UNI","Producto","","apto_con_mapeo"
"6200","662","ACEITE OLEINA DE PALMA DE 18 LT.","50001-DETAL DE SUPERMERCADO Y AUTOMERCADO","0","55.012,60","USD $","EXENTO","UNI","Producto","","apto_con_mapeo"
"6201","663","MANTECA TRESCO DE 10 K.","50001-DETAL DE SUPERMERCADO Y AUTOMERCADO","22","80.390,21","USD $","IVA1","UNI","Producto","","apto_con_mapeo"
"6202","664","CHOCOLATE BITTER DE 25 GR.","50001-DETAL DE SUPERMERCADO Y AUTOMERCADO","0","151,51","USD $","IVA1","UNI","Producto","","apto_con_mapeo"
"6203","665","AREQUIPE DE 25 GR.","50001-DETAL DE SUPERMERCADO Y AUTOMERCADO","0","113,63","USD $","IVA1","UNI","Producto","","apto_con_mapeo"
"6204","666","BRILLO MGEL NEUTRO DE 5 KG.","50001-DETAL DE SUPERMERCADO Y AUTOMERCADO","47","113,63","USD $","IVA1","UNI","Producto","","apto_con_mapeo"
"6205","667","CANELA EN POLVO DE 1 KG.","50001-DETAL DE SUPERMERCADO Y AUTOMERCADO","20","8.014,78","USD $","IVA1","UNI","Producto","","apto_con_mapeo"
"6206","669","ESENCIA DE FRESA GALON","50001-DETAL DE SUPERMERCADO Y AUTOMERCADO","0","12.302,46","USD $","IVA1","UNI","Producto","","apto_con_mapeo"
"6207","67","CAPUCHO DE PANETTONE DE 100 GR X 100 UNDS.","50001-DETAL DE SUPERMERCADO Y AUTOMERCADO","4","4.901,29","USD $","IVA1","UNI","Producto","codigo_duplicado","revisar_antes_de_importar"
"6208","670","COLOR ROJO","50001-DETAL DE SUPERMERCADO Y AUTOMERCADO","0","14.764,47","USD $","IVA1","UNI","Producto","","apto_con_mapeo"
"6209","671","VELAS DE NUMERO PEQUEÑO DORADA Y PLATEADA","50001-DETAL DE SUPERMERCADO Y AUTOMERCADO","9","909,05","USD $","IVA1","UNI","Producto","","apto_con_mapeo"
"6210","672","CONTENEDOR TRIANGULAR TRES LECHES","50001-DETAL DE SUPERMERCADO Y AUTOMERCADO","800","106,06","USD $","IVA1","UNI","Producto","","apto_con_mapeo"
"6211","675","HILO PAVILO","50001-DETAL DE SUPERMERCADO Y AUTOMERCADO","93","287,87","USD $","EXENTO","UNI","Producto","","apto_con_mapeo"
"6212","676","TIRRO TRANSPARENTE","50001-DETAL DE SUPERMERCADO Y AUTOMERCADO","36","1.469,63","USD $","IVA1","UNI","Producto","","apto_con_mapeo"
"6213","677","MARGARINA TRESCO DE 10 GK.","50001-DETAL DE SUPERMERCADO Y AUTOMERCADO","5","44.058,56","USD $","EXENTO","UNI","Producto","","apto_con_mapeo"
"6214","68","CAPUCHO DE PANETTONE DE 500 GR. X 100 UNDSS","50001-DETAL DE SUPERMERCADO Y AUTOMERCADO","700","318,17","USD $","IVA1","UNI","Producto","codigo_duplicado","revisar_antes_de_importar"
"6215","680","JAMON DE PAVO PLANCHADO MOVILLA","50001-DETAL DE SUPERMERCADO Y AUTOMERCADO","5,43","20.552,08","USD $","IVA1","KG","Producto","codigo_duplicado","revisar_antes_de_importar"
"6216","682","AZUCAR BLANCA INDUSTRIAL SACO DE 50 KG.","50001-DETAL DE SUPERMERCADO Y AUTOMERCADO","9","66.474,19","USD $","EXENTO","UNI","Producto","codigo_duplicado","revisar_antes_de_importar"
"6217","684","VASO DOMO","50001-DETAL DE SUPERMERCADO Y AUTOMERCADO","1448","772,69","USD $","IVA1","UNI","Producto","codigo_duplicado","revisar_antes_de_importar"
"6218","685","PAPEL ANTIGRASA DE 4 KG.","50001-DETAL DE SUPERMERCADO Y AUTOMERCADO","12","21.415,67","USD $","IVA1","UNI","Producto","codigo_duplicado","revisar_antes_de_importar"
"6219","686","NUECES PELADAS POR KILO","50001-DETAL DE SUPERMERCADO Y AUTOMERCADO","25","14.014,50","USD $","IVA1","KG","Producto","codigo_duplicado","revisar_antes_de_importar"
"6220","687","CUCHARAS POSTRE","50001-DETAL DE SUPERMERCADO Y AUTOMERCADO","5996","151,51","USD $","IVA1","UNI","Producto","","apto_con_mapeo"
"6221","688","BRILLO GEL FRESA DE 5 KG.","50001-DETAL DE SUPERMERCADO Y AUTOMERCADO","14","75,75","USD $","IVA1","UNI","Producto","","apto_con_mapeo"
"6222","689","BRILLO GEL CHOCOLATE DE 5 KG.","50001-DETAL DE SUPERMERCADO Y AUTOMERCADO","11","166,66","USD $","IVA1","UNI","Producto","","apto_con_mapeo"
"6223","690","ALMENDRAS FILETAEDAS","50001-DETAL DE SUPERMERCADO Y AUTOMERCADO","30","38.710,32","USD $","IVA1","KG","Producto","","apto_con_mapeo"
"6224","700","MANTECA COPOSA DE 15 KG.","50001-DETAL DE SUPERMERCADO Y AUTOMERCADO","23","55.012,60","USD $","IVA1","UNI","Producto","","apto_con_mapeo"
"6225","701","ACEITE COPOSA DE 18 LTS.","50001-DETAL DE SUPERMERCADO Y AUTOMERCADO","5","67.762,01","USD $","EXENTO","UNI","Producto","","apto_con_mapeo"
"6226","702","REFRESCO RETORNABLE DE UVA  DE 350 CC.","50001-DETAL DE SUPERMERCADO Y AUTOMERCADO","-7","704,51","USD $","IVA1","UNI","Producto","existencia_negativa","revisar_antes_de_importar"
"6227","70221011116","CHOCOLATE TOBLERONE DE 100 GR.","50001-DETAL DE SUPERMERCADO Y AUTOMERCADO","0","2.492,31","USD $","IVA1","UNI","Producto","","apto_con_mapeo"
"6228","703","REFRESCO RETONABLE DE FRESCOLITA DE 350 CC.","50001-DETAL DE SUPERMERCADO Y AUTOMERCADO","-67","704,51","USD $","IVA1","UNI","Producto","existencia_negativa","revisar_antes_de_importar"
"6229","704","REFRESCO GOLDEN RETORNABLE PIÑA DE 350 ML.","50001-DETAL DE SUPERMERCADO Y AUTOMERCADO","22","651,48","USD $","IVA1","UNI","Producto","","apto_con_mapeo"
"6230","705","MOLDE REDONDOS  PARA TORTA NEGRA","50001-DETAL DE SUPERMERCADO Y AUTOMERCADO","100","386,35","USD $","IVA1","UNI","Producto","","apto_con_mapeo"
"6231","706","MOLDES E CORAZON DE PAPEL DE 500 GR.","50001-DETAL DE SUPERMERCADO Y AUTOMERCADO","700","674,21","USD $","IVA1","UNI","Producto","","apto_con_mapeo"
"6232","707","BOQUILLAS HOJA ROSA Nº 127 ATECO","50001-DETAL DE SUPERMERCADO Y AUTOMERCADO","2","6.166,38","USD $","IVA1","UNI","Producto","","apto_con_mapeo"
"6233","708","MOLDES DE CORAZON DE PAPEL DE 100 GR.","50001-DETAL DE SUPERMERCADO Y AUTOMERCADO","100","424,22","USD $","IVA1","UNI","Producto","","apto_con_mapeo"
"6234","70847000037","ENERGIZANTE MONSTER ORIGINAL DE 500 CC.","50001-DETAL DE SUPERMERCADO Y AUTOMERCADO","-5","4.022,54","USD $","IVA1","UNI","Producto","existencia_negativa","revisar_antes_de_importar"
"6235","70847004707","ENERGIZANTE MONSTER DE 473 ML.","50001-DETAL DE SUPERMERCADO Y AUTOMERCADO","0","3.348,33","USD $","IVA1","UNI","Producto","","apto_con_mapeo"
"6236","70847012474","MUNSTER ORIGINAL DE 473 ML.","50001-DETAL DE SUPERMERCADO Y AUTOMERCADO","21","4.022,54","USD $","IVA1","UNI","Producto","","apto_con_mapeo"
"6237","70847016205","MONSTER ULTRA BLUE DE 473 ML.","50001-DETAL DE SUPERMERCADO Y AUTOMERCADO","5","4.022,54","USD $","IVA1","UNI","Producto","","apto_con_mapeo"
"6238","70847017554","MOSNTER ULTRA RED DE 473 ML.","50001-DETAL DE SUPERMERCADO Y AUTOMERCADO","5","4.022,54","USD $","IVA1","UNI","Producto","","apto_con_mapeo"
"6239","70847020905","MOSTER ULTRA BUNRISE DE 473 ML.","50001-DETAL DE SUPERMERCADO Y AUTOMERCADO","3","4.022,54","USD $","IVA1","UNI","Producto","","apto_con_mapeo"
"6240","70847027324","MONSTER ULTRA VIOLETA DE 437 ML.","50001-DETAL DE SUPERMERCADO Y AUTOMERCADO","1","4.022,54","USD $","IVA1","UNI","Producto","","apto_con_mapeo"
"6241","70847029427","MONSTER PEACHY KEEN DE 437 ML.","50001-DETAL DE SUPERMERCADO Y AUTOMERCADO","3","4.022,54","USD $","IVA1","UNI","Producto","","apto_con_mapeo"
"6242","70847030805","MUNSTER  ULTRA DE 473 ML","50001-DETAL DE SUPERMERCADO Y AUTOMERCADO","2","3.227,12","USD $","IVA1","UNI","Producto","","apto_con_mapeo"
"6243","70847033080","MONSTER PARADISE DE 473 ML.","50001-DETAL DE SUPERMERCADO Y AUTOMERCADO","2","4.022,54","USD $","IVA1","UNI","Producto","","apto_con_mapeo"
"6244","70847037989","MONSTER ULTRA WATERMELON DE 437 ML.","50001-DETAL DE SUPERMERCADO Y AUTOMERCADO","7","4.022,54","USD $","IVA1","UNI","Producto","","apto_con_mapeo"
"6245","70847811169","ENERGIZANTE MOSTER DE 250 ML","50001-DETAL DE SUPERMERCADO Y AUTOMERCADO","6","3.848,31","USD $","IVA1","UNI","Producto","","apto_con_mapeo"
"6246","70847811268","MONSTER ENERGY ORIGINAL 500 ML","50001-DETAL DE SUPERMERCADO Y AUTOMERCADO","0","3.083,19","USD $","EXENTO","UNI","Producto","","apto_con_mapeo"
"6247","70847812609","MONSTER COFFEE ENERGY 0.443ML","50001-DETAL DE SUPERMERCADO Y AUTOMERCADO","3","3.302,88","USD $","IVA1","UNI","Producto","","apto_con_mapeo"
"6248","70847812715","MONSTER  JAVA  443 ML","50001-DETAL DE SUPERMERCADO Y AUTOMERCADO","4","3.416,51","USD $","IVA1","UNI","Producto","","apto_con_mapeo"
"6249","70847891857","MOSTER LUTRA STRAWBERRY DE 437 ML.","50001-DETAL DE SUPERMERCADO Y AUTOMERCADO","5","4.022,54","USD $","IVA1","UNI","Producto","","apto_con_mapeo"
"6250","709","COMBO DE PRUEBA","50001-DETAL DE SUPERMERCADO Y AUTOMERCADO","0","11.363,11","USD $","IVA1","UNI","Compuesto","codigo_duplicado|tipo_compuesto","revisar_antes_de_importar"
"6251","710","CHORIZO SECO VELA TIPO RIOJA","50001-DETAL DE SUPERMERCADO Y AUTOMERCADO","15,198","43.066,18","USD $","IVA1","KG","Producto","","apto_con_mapeo"
"6252","711","SLACHICHON SECO TIPO ESPAÑOL LEONESA","50001-DETAL DE SUPERMERCADO Y AUTOMERCADO","0,591","44.164,62","USD $","IVA1","KG","Producto","","apto_con_mapeo"
"6253","712","PEPPERONI","50001-DETAL DE SUPERMERCADO Y AUTOMERCADO","1,754","14.181,16","USD $","IVA1","KG","Producto","","apto_con_mapeo"
"6254","71249233221","BLUSH RUNWAY LOREAL 10 GR.","50001-DETAL DE SUPERMERCADO Y AUTOMERCADO","0","0,07","Bs.","IVA1","UNI","Producto","","apto_con_mapeo"
"6255","71249316412","PRO-CNTOUR L?OREAL NØ 813 DE 7 GR","50001-DETAL DE SUPERMERCADO Y AUTOMERCADO","0","0,08","Bs.","IVA1","UNI","Producto","","apto_con_mapeo"
"6256","71249316436","PRO- CONTOUR LOREAL NØ 815 DE 7 GR.","50001-DETAL DE SUPERMERCADO Y AUTOMERCADO","0","0,08","Bs.","IVA1","UNI","Producto","","apto_con_mapeo"
"6257","71249336083","EYE SHADOW NØ 310 ARMY CAMO DE 7.4 ML","50001-DETAL DE SUPERMERCADO Y AUTOMERCADO","0","0,07","Bs.","IVA1","UNI","Producto","","apto_con_mapeo"
"6258","71249338223","BLUSH PALETTE INFALIBLE L?OREAL 8.5 GR.","50001-DETAL DE SUPERMERCADO Y AUTOMERCADO","0","0,07","Bs.","IVA1","UNI","Producto","","apto_con_mapeo"
"6259","713","SALCHICHA FRESCA BLANCA","50001-DETAL DE SUPERMERCADO Y AUTOMERCADO","2,331","17.408,28","USD $","IVA1","KG","Producto","","apto_con_mapeo"
"6260","714","SALCHICHA FRESCA ROJA","50001-DETAL DE SUPERMERCADO Y AUTOMERCADO","-0,254","17.408,28","USD $","IVA1","KG","Producto","existencia_negativa","revisar_antes_de_importar"
"6261","715","SALCHICHA CON PIMENTON TIPO CHISTORRA","50001-DETAL DE SUPERMERCADO Y AUTOMERCADO","4,556","24.256,45","USD $","IVA1","KG","Producto","","apto_con_mapeo"
"6262","716","BOQUILLA GRAMA MEDIANA Nº 234 A TECO","50001-DETAL DE SUPERMERCADO Y AUTOMERCADO","2","5.946,69","USD $","IVA1","UNI","Producto","","apto_con_mapeo"
"6263","717","BOQUILLA RIZADO FINO Nº 869 ATECO","50001-DETAL DE SUPERMERCADO Y AUTOMERCADO","1","2.651,39","USD $","IVA1","UNI","Producto","","apto_con_mapeo"
"6264","718","BOQUILLA RIZADO GRUESO Nº 1M ATECO","50001-DETAL DE SUPERMERCADO Y AUTOMERCADO","2","2.651,39","USD $","IVA1","UNI","Producto","","apto_con_mapeo"
"6266","72652949858","SUERO LA CREMOSA DE 100 GR.","50001-DETAL DE SUPERMERCADO Y AUTOMERCADO","3","2.636,24","USD $","IVA1","UNI","Producto","","apto_con_mapeo"
"6267","73390009335","CARMELOS MENTOS SURTIDOS 125 UNDS.","50001-DETAL DE SUPERMERCADO Y AUTOMERCADO","0","0,1","Bs.","IVA1","UNI","Producto","","apto_con_mapeo"
"6268","73390055158","CHICLE TRIDENT YERBABUENA DE 1.9 GR.","50001-DETAL DE SUPERMERCADO Y AUTOMERCADO","8","2.393,83","USD $","IVA1","UNI","Producto","","apto_con_mapeo"
"6269","73390055172","CHICLE TRIDENT DE NARANJA DE 1.9 GR,","50001-DETAL DE SUPERMERCADO Y AUTOMERCADO","10","2.393,83","USD $","IVA1","UNI","Producto","","apto_con_mapeo"
"6270","73390055189","CHICLE TRIDENT WATERMELON DE 1.9 GR.","50001-DETAL DE SUPERMERCADO Y AUTOMERCADO","5","3.075,61","USD $","IVA1","UNI","Producto","","apto_con_mapeo"
"6271","73390055219","CHICLE TRIDENT CANELA DE 1.9 GR.","50001-DETAL DE SUPERMERCADO Y AUTOMERCADO","22","3.075,61","USD $","IVA1","UNI","Producto","","apto_con_mapeo"
"6272","73390055226","CHICLE TRIDENT MINT BLISS DE 1.9 GR.","50001-DETAL DE SUPERMERCADO Y AUTOMERCADO","9","2.393,83","USD $","IVA1","UNI","Producto","","apto_con_mapeo"
"6273","74570036004","HAAGEN-DAZS DE VAINILLA DE 88 ML.","50001-DETAL DE SUPERMERCADO Y AUTOMERCADO","0","2.704,42","USD $","IVA1","UNI","Producto","","apto_con_mapeo"
"6274","7478341","PERRIER SPARKLIN MINERAL BOTELLA DE 330 ML","50001-DETAL DE SUPERMERCADO Y AUTOMERCADO","0","1.515,08","USD $","EXENTO","UNI","Producto","","apto_con_mapeo"
"6275","750","REFRESCO DUMBO KING COLA DE 300 ML","50001-DETAL DE SUPERMERCADO Y AUTOMERCADO","56","636,33","USD $","IVA1","UNI","Producto","","apto_con_mapeo"
"6276","7501","ESENCIA DE AROMA DE PANETTON","50001-DETAL DE SUPERMERCADO Y AUTOMERCADO","13","76.451,00","USD $","IVA1","UNI","Producto","","apto_con_mapeo"
"6277","7502","ALMIDON DE MAIZ DE 25 KG.","50001-DETAL DE SUPERMERCADO Y AUTOMERCADO","3","59.883,58","USD $","EXENTO","UNI","Producto","","apto_con_mapeo"
"6278","7503","CAPUCHONES DE PANETTON","50001-DETAL DE SUPERMERCADO Y AUTOMERCADO","12","42.952,55","USD $","IVA1","UNI","Producto","","apto_con_mapeo"
"6279","752","DUMBO DE PIÑA DE 300CC.","50001-DETAL DE SUPERMERCADO Y AUTOMERCADO","40","636,33","USD $","IVA1","UNI","Producto","","apto_con_mapeo"
"6280","753","DUMBO DE MANZANA DE 300 CC.","50001-DETAL DE SUPERMERCADO Y AUTOMERCADO","48","636,33","USD $","IVA1","UNI","Producto","","apto_con_mapeo"
"6281","75669197002","LECHE CONDESADA IBERIA DE 396 GR.","50001-DETAL DE SUPERMERCADO Y AUTOMERCADO","0","0,22","Bs.","EXENTO","UNI","Producto","","apto_con_mapeo"
"6282","75856055399","HELADO OREO COOKIE SANDWICH DE 133ML.","50001-DETAL DE SUPERMERCADO Y AUTOMERCADO","-1","2.689,27","USD $","IVA1","UNI","Producto","existencia_negativa","revisar_antes_de_importar"
"6284","76150232486","COTUFAS NATURAL 78 GR","50001-DETAL DE SUPERMERCADO Y AUTOMERCADO","16","757,54","USD $","EXENTO","UNI","Producto","","apto_con_mapeo"
"6285","77567003935","HELADO GIANT VAINILLA DE 177ML.","50001-DETAL DE SUPERMERCADO Y AUTOMERCADO","0","1.742,34","USD $","IVA1","UNI","Producto","","apto_con_mapeo"
"6286","780","GOTAS COBERTURA INDUSTRIAL BITTER","50001-DETAL DE SUPERMERCADO Y AUTOMERCADO","134,824","6.969,37","USD $","IVA1","KG","Producto","","apto_con_mapeo"
"6287","781","GOTAS INDUSTRILA COBERTURA LECHE","50001-DETAL DE SUPERMERCADO Y AUTOMERCADO","29","9.279,87","USD $","IVA1","KG","Producto","","apto_con_mapeo"
"6288","7811403","SODA CANADA DRY LATA DE 335 ML.","50001-DETAL DE SUPERMERCADO Y AUTOMERCADO","0","1.113,58","USD $","EXENTO","UNI","Producto","","apto_con_mapeo"
"6290","782","COMBO 1","50001-DETAL DE SUPERMERCADO Y AUTOMERCADO","0","2.196,87","USD $","IVA1","UNI","Compuesto","tipo_compuesto","revisar_antes_de_importar"
"6291","783","COMBO 2","50001-DETAL DE SUPERMERCADO Y AUTOMERCADO","0","2.462,01","USD $","IVA1","UNI","Compuesto","tipo_compuesto","revisar_antes_de_importar"
"6292","784","COMBO 3","50001-DETAL DE SUPERMERCADO Y AUTOMERCADO","0","2.045,36","USD $","IVA1","UNI","Compuesto","tipo_compuesto","revisar_antes_de_importar"
"6293","785","COMBO 4","50001-DETAL DE SUPERMERCADO Y AUTOMERCADO","0","101,7","Bs.","EXENTO","UNI","Compuesto","tipo_compuesto","revisar_antes_de_importar"
"6294","786","COMBO 5","50001-DETAL DE SUPERMERCADO Y AUTOMERCADO","0","3.939,21","USD $","IVA1","UNI","Compuesto","tipo_compuesto","revisar_antes_de_importar"
"6295","787","COMBO 6","50001-DETAL DE SUPERMERCADO Y AUTOMERCADO","0","5.643,68","USD $","EXENTO","UNI","Compuesto","tipo_compuesto","revisar_antes_de_importar"
"6296","78742006079","SPRINKLE MIX UNICORNIO DE 142 GR.","50001-DETAL DE SUPERMERCADO Y AUTOMERCADO","1","10.984,34","USD $","IVA1","UNI","Producto","","apto_con_mapeo"
"6297","788","COMBO 7","50001-DETAL DE SUPERMERCADO Y AUTOMERCADO","0","5.908,82","USD $","EXENTO","UNI","Compuesto","tipo_compuesto","revisar_antes_de_importar"
"6298","789","COMBO 8","50001-DETAL DE SUPERMERCADO Y AUTOMERCADO","0","4.393,74","USD $","EXENTO","UNI","Compuesto","tipo_compuesto","revisar_antes_de_importar"
"6299","790","COMBO 9","50001-DETAL DE SUPERMERCADO Y AUTOMERCADO","0","1.477,20","USD $","IVA1","UNI","Compuesto","tipo_compuesto","revisar_antes_de_importar"
"6300","791","COMBO 10","50001-DETAL DE SUPERMERCADO Y AUTOMERCADO","0","1.507,51","USD $","IVA1","UNI","Compuesto","tipo_compuesto","revisar_antes_de_importar"
"6301","792","COMBO 11","50001-DETAL DE SUPERMERCADO Y AUTOMERCADO","0","1.507,51","USD $","IVA1","UNI","Compuesto","tipo_compuesto","revisar_antes_de_importar"
"6302","793","COMBO 12","50001-DETAL DE SUPERMERCADO Y AUTOMERCADO","0","6.439,10","USD $","IVA1","UNI","Compuesto","tipo_compuesto","revisar_antes_de_importar"
"6303","7933624","CARAMELOS NERDS GRAPE DE 47 GR.","50001-DETAL DE SUPERMERCADO Y AUTOMERCADO","3","1.121,16","USD $","IVA1","UNI","Producto","","apto_con_mapeo"
"6304","794","COMBO 13","50001-DETAL DE SUPERMERCADO Y AUTOMERCADO","0","9.090,49","USD $","IVA1","UNI","Compuesto","tipo_compuesto","revisar_antes_de_importar"
"6305","79400197207","DESODORANTE AXE ANARCHY 113 GR.","50001-DETAL DE SUPERMERCADO Y AUTOMERCADO","0","2.901,38","USD $","IVA1","UNI","Producto","","apto_con_mapeo"
"6306","79400404114","DESODORANTE SUAVE 30 GR.","50001-DETAL DE SUPERMERCADO Y AUTOMERCADO","0","0,03","Bs.","IVA1","UNI","Producto","","apto_con_mapeo"
"6307","79400589873","DESOSDORANTE AXE BLACK DE 113 GR.","50001-DETAL DE SUPERMERCADO Y AUTOMERCADO","0","2.901,38","USD $","IVA1","UNI","Producto","","apto_con_mapeo"
"6308","795","COMBO #1 NAVIDEÑO","50001-DETAL DE SUPERMERCADO Y AUTOMERCADO","0","17.423,43","USD $","IVA1","UNI","Compuesto","tipo_compuesto","revisar_antes_de_importar"
"6309","796","COMBO #2 NAVIDEÑO","50001-DETAL DE SUPERMERCADO Y AUTOMERCADO","0","12.120,65","USD $","IVA1","UNI","Compuesto","tipo_compuesto","revisar_antes_de_importar"
"6310","797","COMBO 16","50001-DETAL DE SUPERMERCADO Y AUTOMERCADO","0","10.605,57","USD $","IVA1","UNI","Compuesto","tipo_compuesto","revisar_antes_de_importar"
"6311","798","COMBO 17","50001-DETAL DE SUPERMERCADO Y AUTOMERCADO","0","16.665,89","USD $","IVA1","UNI","Compuesto","tipo_compuesto","revisar_antes_de_importar"
"6312","799","COMBO 18","50001-DETAL DE SUPERMERCADO Y AUTOMERCADO","0","10.605,57","USD $","IVA1","UNI","Compuesto","tipo_compuesto","revisar_antes_de_importar"
"6313","801","COMBO 19","50001-DETAL DE SUPERMERCADO Y AUTOMERCADO","0","10.605,57","USD $","IVA1","UNI","Compuesto","tipo_compuesto","revisar_antes_de_importar"
"6314","802","COMBO #3 NAVIDEÑO","50001-DETAL DE SUPERMERCADO Y AUTOMERCADO","0","9.848,03","USD $","IVA1","UNI","Compuesto","tipo_compuesto","revisar_antes_de_importar"
"6315","803","COMBO #4 NAVIDEÑO","50001-DETAL DE SUPERMERCADO Y AUTOMERCADO","0","9.848,03","USD $","IVA1","UNI","Compuesto","tipo_compuesto","revisar_antes_de_importar"
"6316","804","COMBO #5 NAVIDEÑO","50001-DETAL DE SUPERMERCADO Y AUTOMERCADO","0","12.878,19","USD $","IVA1","UNI","Compuesto","tipo_compuesto","revisar_antes_de_importar"
"6317","805","COMBO #6 NAVIDEÑO","50001-DETAL DE SUPERMERCADO Y AUTOMERCADO","0","12.878,19","USD $","IVA1","UNI","Compuesto","tipo_compuesto","revisar_antes_de_importar"
"6318","806","COMBO #8 NAVIDEÑO","50001-DETAL DE SUPERMERCADO Y AUTOMERCADO","0","8.332,95","USD $","IVA1","UNI","Compuesto","tipo_compuesto","revisar_antes_de_importar"
"6319","807","COMBO #9 NAVIDEÑO","50001-DETAL DE SUPERMERCADO Y AUTOMERCADO","0","15.908,35","USD $","IVA1","UNI","Compuesto","tipo_compuesto","revisar_antes_de_importar"
"6320","808","COMBO #10 NAVIDEÑO","50001-DETAL DE SUPERMERCADO Y AUTOMERCADO","0","18.938,52","USD $","IVA1","UNI","Compuesto","tipo_compuesto","revisar_antes_de_importar"
"6321","809","COMBO #13 NAVIDEÑO","50001-DETAL DE SUPERMERCADO Y AUTOMERCADO","0","12.878,19","USD $","IVA1","UNI","Compuesto","tipo_compuesto","revisar_antes_de_importar"
"6322","810","COMBO # 11 NAVIDEÑO","50001-DETAL DE SUPERMERCADO Y AUTOMERCADO","0","15.150,81","USD $","IVA1","UNI","Compuesto","codigo_duplicado|tipo_compuesto","revisar_antes_de_importar"
"6323","811","COMBO #7 NAVIDEÑO","50001-DETAL DE SUPERMERCADO Y AUTOMERCADO","0","25.756,38","USD $","IVA1","UNI","Compuesto","codigo_duplicado|tipo_compuesto","revisar_antes_de_importar"
"6324","813","COMBO 31","50001-DETAL DE SUPERMERCADO Y AUTOMERCADO","0","0","USD $","IVA1","UNI","Compuesto","precio_venta_ausente_o_cero|tipo_compuesto","revisar_antes_de_importar"
"6325","814","VASOS DE VIDRIO GRANDE","50001-DETAL DE SUPERMERCADO Y AUTOMERCADO","36","1.159,04","USD $","IVA1","UNI","Producto","","apto_con_mapeo"
"6326","815","ENCENDEDORES DE COCINA","50001-DETAL DE SUPERMERCADO Y AUTOMERCADO","-1","2.265,05","USD $","IVA1","UNI","Producto","existencia_negativa","revisar_antes_de_importar"
"6327","816","BOLSA NEGRAS DE 40 KG.","50001-DETAL DE SUPERMERCADO Y AUTOMERCADO","100","378,77","USD $","IVA1","UNI","Producto","","apto_con_mapeo"
"6328","817","TEFLON","50001-DETAL DE SUPERMERCADO Y AUTOMERCADO","10","1.310,55","USD $","IVA1","UNI","Producto","","apto_con_mapeo"
"6329","818","GRAGEAS UNICOLOR","50001-DETAL DE SUPERMERCADO Y AUTOMERCADO","2","5.613,38","USD $","IVA1","UNI","Producto","","apto_con_mapeo"
"6330","819","MINI PERLADO DE 1 KG.","50001-DETAL DE SUPERMERCADO Y AUTOMERCADO","2","6.173,96","USD $","IVA1","UNI","Producto","","apto_con_mapeo"
"6331","820","CHOCO RUMBITA DE CHOCOLATE CASTILLA DE 20 GR.","50001-DETAL DE SUPERMERCADO Y AUTOMERCADO","4","568,16","USD $","IVA1","UNI","Producto","","apto_con_mapeo"
"6332","821","CHOCO RUMBITA BLANCO CASTILLA DE 20 GR.","50001-DETAL DE SUPERMERCADO Y AUTOMERCADO","-3","568,16","USD $","IVA1","UNI","Producto","existencia_negativa","revisar_antes_de_importar"
"6333","822","BRILLO GEL BLANCO ALMENDRADO","50001-DETAL DE SUPERMERCADO Y AUTOMERCADO","7","166,66","USD $","IVA1","UNI","Producto","","apto_con_mapeo"
"6334","823","BOLSA PLASTICAS DE 35X45","50001-DETAL DE SUPERMERCADO Y AUTOMERCADO","4000","37,88","USD $","IVA1","UNI","Producto","","apto_con_mapeo"
"6335","824","BOLSAS PLASTICAS DE 14X25","50001-DETAL DE SUPERMERCADO Y AUTOMERCADO","0","0","USD $","IVA1","UNI","Producto","precio_venta_ausente_o_cero","revisar_antes_de_importar"
"6336","825","ESENCIA DE PANNETTON EFYS DE 400 ML.","50001-DETAL DE SUPERMERCADO Y AUTOMERCADO","7","68.542,27","USD $","IVA1","UNI","Producto","","apto_con_mapeo"
"6337","826","TIRRO MARRON MEDIANO","50001-DETAL DE SUPERMERCADO Y AUTOMERCADO","36","2.295,35","USD $","IVA1","UNI","Producto","","apto_con_mapeo"
"6338","827","ANIS DULCE POR KILO","50001-DETAL DE SUPERMERCADO Y AUTOMERCADO","10","15.931,08","USD $","IVA1","KG","Producto","","apto_con_mapeo"
"6339","830","UVAS PASAS DE 10 KG.","50001-DETAL DE SUPERMERCADO Y AUTOMERCADO","106,5","7.363,29","USD $","IVA1","KG","Producto","","apto_con_mapeo"
"6340","831","BOLIGRAFOS NEGROS","50001-DETAL DE SUPERMERCADO Y AUTOMERCADO","24","439,37","USD $","IVA1","UNI","Producto","","apto_con_mapeo"
"6341","8314","COMBO CHARCUTERO","50001-DETAL DE SUPERMERCADO Y AUTOMERCADO","0","6.810,29","USD $","IVA1","UNI","Compuesto","tipo_compuesto","revisar_antes_de_importar"
"6342","8315","COMBO CHARCUTERO 2","50001-DETAL DE SUPERMERCADO Y AUTOMERCADO","0","6.810,29","USD $","IVA1","UNI","Compuesto","tipo_compuesto","revisar_antes_de_importar"
"6343","832","BOLSAS SANDWICHI PQ. DE 22X60","50001-DETAL DE SUPERMERCADO Y AUTOMERCADO","3000","45,45","USD $","IVA1","UNI","Producto","","apto_con_mapeo"
"6344","83326110905","BON YURT GALLETAS TRITURADAS DE 163 GR.","50001-DETAL DE SUPERMERCADO Y AUTOMERCADO","0","2.765,02","USD $","IVA1","UNI","Producto","","apto_con_mapeo"
"6345","83326110912","BON YURT HOJUELAS AZUCARADAS DE 163 GR.","50001-DETAL DE SUPERMERCADO Y AUTOMERCADO","0","2.765,02","USD $","IVA1","UNI","Producto","","apto_con_mapeo"
"6346","83326110929","BON YURT CEREAL DE ARROZ /CHOCOLATE DE 163 GR.","50001-DETAL DE SUPERMERCADO Y AUTOMERCADO","0","2.765,02","USD $","IVA1","UNI","Producto","","apto_con_mapeo"
"6347","835","GUANTE TEJIDOS CO N PUNTO","50001-DETAL DE SUPERMERCADO Y AUTOMERCADO","12","757,54","USD $","IVA1","UNI","Producto","","apto_con_mapeo"
"6348","836","GUANTES INDUSTRIAL GLOVES VERDE","50001-DETAL DE SUPERMERCADO Y AUTOMERCADO","12","3.560,44","USD $","IVA1","UNI","Producto","","apto_con_mapeo"
"6349","840","MANTEQUILLA CON SAL ELLA  DE 100GR.","50001-DETAL DE SUPERMERCADO Y AUTOMERCADO","20","2.295,35","USD $","EXENTO","UNI","Producto","codigo_duplicado","revisar_antes_de_importar"
"6350","841","ACEITUNAS RELLENAS CON PIMENTON DE 21.05 KG.","50001-DETAL DE SUPERMERCADO Y AUTOMERCADO","59,938","7.136,03","USD $","IVA1","KG","Producto","","apto_con_mapeo"
"6351","842","AROS DE ACERO DE 10*3","50001-DETAL DE SUPERMERCADO Y AUTOMERCADO","3","2.242,32","USD $","IVA1","UNI","Producto","","apto_con_mapeo"
"6352","843","MOLDE MINI CAKE 10*10 CM","50001-DETAL DE SUPERMERCADO Y AUTOMERCADO","2","6.151,23","USD $","IVA1","UNI","Producto","","apto_con_mapeo"
"6353","844","MOLDE MINI CAKE 12*10 CM","50001-DETAL DE SUPERMERCADO Y AUTOMERCADO","2","6.446,67","USD $","IVA1","UNI","Producto","","apto_con_mapeo"
"6354","845","MOLDE MINI CAKE 14*10 CM","50001-DETAL DE SUPERMERCADO Y AUTOMERCADO","2","7.923,87","USD $","IVA1","UNI","Producto","","apto_con_mapeo"
"6355","846","MOLDE REDONDO 16 10 CM","50001-DETAL DE SUPERMERCADO Y AUTOMERCADO","5","7.620,86","USD $","IVA1","UNI","Producto","","apto_con_mapeo"
"6356","84773601787","ROBINSON CRUSOE SALMON /ACEITE DE 170 GR.","50001-DETAL DE SUPERMERCADO Y AUTOMERCADO","1","2.954,41","USD $","IVA1","UNI","Producto","","apto_con_mapeo"
"6357","84773601794","ROBINSON CRUSOE SALMON AHUMADO DE 100 GR.","50001-DETAL DE SUPERMERCADO Y AUTOMERCADO","1","2.954,41","USD $","IVA1","UNI","Producto","","apto_con_mapeo"
"6358","84773602197","ROBINSON CRUSOE SURTIDO MARISCOS DE 100 GR.","50001-DETAL DE SUPERMERCADO Y AUTOMERCADO","4","2.560,49","USD $","IVA1","UNI","Producto","","apto_con_mapeo"
"6359","84773611519","ROBINSON CRUSOE MELLIJONES /ACEITE D 190 GR.","50001-DETAL DE SUPERMERCADO Y AUTOMERCADO","4","3.560,44","USD $","IVA1","UNI","Producto","","apto_con_mapeo"
"6360","850","MORTADELA EL PRADO","50001-DETAL DE SUPERMERCADO Y AUTOMERCADO","288,058","8.431,43","USD $","EXENTO","KG","Producto","","apto_con_mapeo"
"6361","851","CACAO EN POLVO DE 20 KG.","50001-DETAL DE SUPERMERCADO Y AUTOMERCADO","39,374","22.938,33","USD $","IVA1","KG","Producto","","apto_con_mapeo"
"6362","852","LECHOSA BARRITA AMARILLA IMPA D E5 KG.","50001-DETAL DE SUPERMERCADO Y AUTOMERCADO","6","19.226,38","USD $","IVA1","UNI","Producto","","apto_con_mapeo"
"6363","853","LECHOSA BARRITA ROJA INPA DE 5 KG.","50001-DETAL DE SUPERMERCADO Y AUTOMERCADO","6","19.226,38","USD $","IVA1","KG","Producto","","apto_con_mapeo"
"6364","854","LECHOSA BARRITA VERDE INPA DE 5 KG.","50001-DETAL DE SUPERMERCADO Y AUTOMERCADO","6","19.226,38","USD $","IVA1","KG","Producto","","apto_con_mapeo"
"6365","855","MOLDE DE ESTRELLA DE PAPEL","50001-DETAL DE SUPERMERCADO Y AUTOMERCADO","300","393,92","USD $","IVA1","UNI","Producto","","apto_con_mapeo"
"6366","860","BICARBONATO POR KILO","50001-DETAL DE SUPERMERCADO Y AUTOMERCADO","19,89","7.136,03","USD $","IVA1","KG","Producto","","apto_con_mapeo"
"6367","862","COLETO DE TRES RAYAS","50001-DETAL DE SUPERMERCADO Y AUTOMERCADO","24","2.295,35","USD $","IVA1","UNI","Producto","","apto_con_mapeo"
"6368","863","PAÑOS AMARILLOS","50001-DETAL DE SUPERMERCADO Y AUTOMERCADO","24","1.280,24","USD $","IVA1","UNI","Producto","","apto_con_mapeo"
"6369","866","ESPONJAS DE ALAMBRE","50001-DETAL DE SUPERMERCADO Y AUTOMERCADO","84","545,43","USD $","IVA1","UNI","Producto","","apto_con_mapeo"
"6370","8662036","ATUN BLUMBLE BUMS 142 GR.","50001-DETAL DE SUPERMERCADO Y AUTOMERCADO","0","0,02","Bs.","IVA1","UNI","Producto","","apto_con_mapeo"
"6371","867","BARQUILLAS KING CONE CHOCOLATE","50001-DETAL DE SUPERMERCADO Y AUTOMERCADO","7","227,26","USD $","IVA1","UNI","Producto","codigo_duplicado","revisar_antes_de_importar"
"6372","869","CHANTILLY MASTER TOP DE 1 LT.","50001-DETAL DE SUPERMERCADO Y AUTOMERCADO","69","5.696,71","USD $","IVA1","UNI","Producto","","apto_con_mapeo"
"6373","870","TOALLAS SECA MANOS SANITISU","50001-DETAL DE SUPERMERCADO Y AUTOMERCADO","12","5.833,06","USD $","IVA1","UNI","Producto","","apto_con_mapeo"
"6374","871","CAJA DE CULCE Nº 1 12*9*10","50001-DETAL DE SUPERMERCADO Y AUTOMERCADO","1250","128,78","USD $","IVA1","UNI","Producto","","apto_con_mapeo"
"6375","872","CAJA DULCE Nº 1 12*10-6","50001-DETAL DE SUPERMERCADO Y AUTOMERCADO","250","143,93","USD $","IVA1","UNI","Producto","","apto_con_mapeo"
"6376","873","CAJA DE DULCE Nº 6 24.5*15*7","50001-DETAL DE SUPERMERCADO Y AUTOMERCADO","997","265,14","USD $","IVA1","UNI","Producto","","apto_con_mapeo"
"6377","874","CAJA DE TORTA 30*30*10 NEGRA","50001-DETAL DE SUPERMERCADO Y AUTOMERCADO","99","787,84","USD $","IVA1","UNI","Producto","","apto_con_mapeo"
"6378","875","MELOCOTON EN ALMIBRA D ELA GROTTA DE 2.655 GR. LATA","50001-DETAL DE SUPERMERCADO Y AUTOMERCADO","3","12.741,83","USD $","IVA1","UNI","Producto","","apto_con_mapeo"
"6379","876","CABELLO DE ANGEL CONFITADO DE 5 KG.","50001-DETAL DE SUPERMERCADO Y AUTOMERCADO","3","19.544,55","USD $","IVA1","UNI","Producto","","apto_con_mapeo"
"6380","880","ACEITUNAS RLL.C/PIMENTON DE 15 KG.","50001-DETAL DE SUPERMERCADO Y AUTOMERCADO","13,176","7.901,15","USD $","IVA1","KG","Producto","","apto_con_mapeo"
"6381","881","QUESO DURO ECONOMICO","50001-DETAL DE SUPERMERCADO Y AUTOMERCADO","118,437","5.680,80","USD $","EXENTO","KG","Producto","","apto_con_mapeo"
"6382","887","CAJA DE DULCE Nº 3","50001-DETAL DE SUPERMERCADO Y AUTOMERCADO","494","204,54","USD $","IVA1","UNI","Producto","","apto_con_mapeo"
"6383","888","BOLSAS DE 2 KG. TRANSPARENTES","50001-DETAL DE SUPERMERCADO Y AUTOMERCADO","4000","22,73","USD $","IVA1","UNI","Producto","","apto_con_mapeo"
"6384","889","MILLAR DE BOLSAS ASA DE 15 KG.","50001-DETAL DE SUPERMERCADO Y AUTOMERCADO","6212","33.127,25","USD $","IVA1","UNI","Producto","","apto_con_mapeo"
"6385","890","AFRECHO DE 25 KG.","50001-DETAL DE SUPERMERCADO Y AUTOMERCADO","50","1.909,00","USD $","EXENTO","KG","Producto","","apto_con_mapeo"
"6386","891","MANTECA VEGETAL TRESCO DE 15 KGS.","50001-DETAL DE SUPERMERCADO Y AUTOMERCADO","31","82.034,07","USD $","IVA1","UNI","Producto","","apto_con_mapeo"
"6387","892","COLOR AMARILLO BACKER DE 500 GR.","50001-DETAL DE SUPERMERCADO Y AUTOMERCADO","2","5.946,69","USD $","IVA1","UNI","Producto","","apto_con_mapeo"
"6388","89395139021","RIKOMALT DE 400 GR.","50001-DETAL DE SUPERMERCADO Y AUTOMERCADO","-9","1.954,45","USD $","IVA1","UNI","Producto","existencia_negativa","revisar_antes_de_importar"
"6389","89395139427","CHICHA EL CHICHERO MDE 400 GR.","50001-DETAL DE SUPERMERCADO Y AUTOMERCADO","2","1.954,45","USD $","IVA1","UNI","Producto","","apto_con_mapeo"
"6390","89395150118","JUGO REFRIGERADO DE NARANJA FRICA  DE 900 ML","50001-DETAL DE SUPERMERCADO Y AUTOMERCADO","0","1.227,22","USD $","IVA1","UNI","Producto","","apto_con_mapeo"
"6391","89395159425","CHICHA EL CHICHERO PARMALAT DE 1 LT.","50001-DETAL DE SUPERMERCADO Y AUTOMERCADO","14","3.954,36","USD $","IVA1","UNI","Producto","","apto_con_mapeo"
"6392","89395335454","FRIGURT SEMIDESCREMADO CON CEREAL DE 165 GR.","50001-DETAL DE SUPERMERCADO Y AUTOMERCADO","3","1.121,16","USD $","IVA1","UNI","Producto","","apto_con_mapeo"
"6393","895","GUAYABA FLOWER DE 180KG.","50001-DETAL DE SUPERMERCADO Y AUTOMERCADO","1","47.884,14","USD $","IVA1","UNI","Producto","","apto_con_mapeo"
"6394","900","SALSA DE AJO FRITZ DE 3.600 CC.","50001-DETAL DE SUPERMERCADO Y AUTOMERCADO","1","12.143,38","USD $","IVA1","UNI","Producto","","apto_con_mapeo"
"6395","901","SALSA INGLESA FRITZ  DE 3.600 CC.","50001-DETAL DE SUPERMERCADO Y AUTOMERCADO","1","16.029,56","USD $","IVA1","UNI","Producto","","apto_con_mapeo"
"6396","902","SALSADE SOYA FRITZ DE 3.600 CC.","50001-DETAL DE SUPERMERCADO Y AUTOMERCADO","1","11.605,52","USD $","IVA1","UNI","Producto","","apto_con_mapeo"
"6397","903","CEPILLO PARA LAVAR","50001-DETAL DE SUPERMERCADO Y AUTOMERCADO","12","1.469,63","USD $","IVA1","UNI","Producto","","apto_con_mapeo"
"6398","904","PAÑITOS AMARILLOS","50001-DETAL DE SUPERMERCADO Y AUTOMERCADO","12","1.189,34","USD $","IVA1","UNI","Producto","","apto_con_mapeo"
"6399","905","SAL DE 5 KG.","50001-DETAL DE SUPERMERCADO Y AUTOMERCADO","45","6.817,87","USD $","EXENTO","UNI","Producto","codigo_duplicado","revisar_antes_de_importar"
"6400","906","ESENCIA DE MANTEQUILLA GALON","50001-DETAL DE SUPERMERCADO Y AUTOMERCADO","8","8.242,04","USD $","IVA1","UNI","Producto","codigo_duplicado","revisar_antes_de_importar"
"6401","907","ESENCIA DE NATA GALON","50001-DETAL DE SUPERMERCADO Y AUTOMERCADO","4","9.885,90","USD $","IVA1","UNI","Producto","","apto_con_mapeo"
"6402","908","ESENCIA DE NARANJA GALON","50001-DETAL DE SUPERMERCADO Y AUTOMERCADO","6","8.242,04","USD $","IVA1","UNI","Producto","","apto_con_mapeo"
"6403","909","ESENCIA DE LIMON GALON","50001-DETAL DE SUPERMERCADO Y AUTOMERCADO","1","10.984,34","USD $","IVA1","UNI","Producto","","apto_con_mapeo"
"6404","910","PITILLOS","50001-DETAL DE SUPERMERCADO Y AUTOMERCADO","200","53,03","USD $","IVA1","UNI","Producto","","apto_con_mapeo"
"6405","911","DISCOS DE TORTA PLATEADOS DE 50 UNDS.","50001-DETAL DE SUPERMERCADO Y AUTOMERCADO","150","734,81","USD $","IVA1","UNI","Producto","","apto_con_mapeo"
"6406","912","MANGAS DE REPOSTERIA DE 60 CM INABLO","50001-DETAL DE SUPERMERCADO Y AUTOMERCADO","5","18.188,55","USD $","IVA1","UNI","Producto","","apto_con_mapeo"
"6407","913","MANGA RESPOTERA DE 55 CM INABLO","50001-DETAL DE SUPERMERCADO Y AUTOMERCADO","2","7.954,18","USD $","IVA1","UNI","Producto","","apto_con_mapeo"
"6408","914","QUESO PECORINO MANCHECO CASTILLA","50001-DETAL DE SUPERMERCADO Y AUTOMERCADO","0,93","41.066,28","USD $","IVA1","KG","Producto","","apto_con_mapeo"
"6409","915","MORTADELA EL CORRAL DE POLLO ESPECIAL","50001-DETAL DE SUPERMERCADO Y AUTOMERCADO","1471,639","4.666,45","USD $","EXENTO","KG","Producto","","apto_con_mapeo"
"6410","916","MORTADELA EL CORRAL DE POLLO / PIMENTON ESPECIAL","50001-DETAL DE SUPERMERCADO Y AUTOMERCADO","-41,395","5.484,59","USD $","EXENTO","KG","Producto","existencia_negativa","revisar_antes_de_importar"
"6411","917","SAL ARRECIFE FINA DE 20 KG.","50001-DETAL DE SUPERMERCADO Y AUTOMERCADO","6","8.348,10","USD $","EXENTO","UNI","Producto","","apto_con_mapeo"
"6412","918","SAL ARRECIFE GRUESA DE 20 KG.","50001-DETAL DE SUPERMERCADO Y AUTOMERCADO","7","9.204,12","USD $","EXENTO","UNI","Producto","","apto_con_mapeo"
"6413","919","CHISTORRA LA MONTSERRANITA DE 300 GR.","50001-DETAL DE SUPERMERCADO Y AUTOMERCADO","1","10.219,22","USD $","IVA1","UNI","Producto","","apto_con_mapeo"
"6414","920","CANELA MOLIDA DE 500 GR.","50001-DETAL DE SUPERMERCADO Y AUTOMERCADO","20","20.324,81","USD $","IVA1","UNI","Producto","","apto_con_mapeo"
"6415","921","MERMELADA DE GUYABA INPA DE 20 KG.","50001-DETAL DE SUPERMERCADO Y AUTOMERCADO","7","88.692,85","USD $","IVA1","UNI","Producto","","apto_con_mapeo"
"6416","925","CAJA DE DULCE Nº 1","50001-DETAL DE SUPERMERCADO Y AUTOMERCADO","2006","196,96","USD $","IVA1","UNI","Producto","","apto_con_mapeo"
"6417","930","JABON DOVE PEPINO DE106 GR.","50001-DETAL DE SUPERMERCADO Y AUTOMERCADO","-3","1.999,91","USD $","IVA1","UNI","Producto","existencia_negativa","revisar_antes_de_importar"
"6418","931","JABON DOVE SENSITIVE DE 106 GR.","50001-DETAL DE SUPERMERCADO Y AUTOMERCADO","-8","1.999,91","USD $","IVA1","UNI","Producto","existencia_negativa","revisar_antes_de_importar"
"6419","935","SALCHICHA BLANCA LA MONTSERRATINA DE 400 GR.","50001-DETAL DE SUPERMERCADO Y AUTOMERCADO","0","9.181,39","USD $","IVA1","UNI","Producto","","apto_con_mapeo"
"6420","937","CHORIZO CON CEBOLLA LA MONTSERRATINA DE 4 UNDS.","50001-DETAL DE SUPERMERCADO Y AUTOMERCADO","3","5.090,67","USD $","IVA1","UNI","Producto","","apto_con_mapeo"
"6421","950","YOGURT NESIS NATURAL FRUTY AROS DE 160 ML.","50001-DETAL DE SUPERMERCADO Y AUTOMERCADO","-1","2.651,39","USD $","IVA1","UNI","Producto","codigo_duplicado|existencia_negativa","revisar_antes_de_importar"
"6422","951","YOGURT NESIS  NATURAL CON FLIPS DE 160 ML","50001-DETAL DE SUPERMERCADO Y AUTOMERCADO","1","2.651,39","USD $","IVA1","UNI","Producto","","apto_con_mapeo"
"6423","953","YOGURT NESIS NATURAL CON HOJUELAS DE 160 ML.","50001-DETAL DE SUPERMERCADO Y AUTOMERCADO","2","2.651,39","USD $","IVA1","UNI","Producto","","apto_con_mapeo"
"6424","954","YOGURT NESIS NATURAL CON OREO DE 160 ML.","50001-DETAL DE SUPERMERCADO Y AUTOMERCADO","6","2.651,39","USD $","IVA1","UNI","Producto","","apto_con_mapeo"
"6425","955","CAJITA DE NAVIDAD","50001-DETAL DE SUPERMERCADO Y AUTOMERCADO","5","8.385,97","USD $","IVA1","UNI","Producto","","apto_con_mapeo"
"6426","956","CHUPETA PIRULITO DWE LECHE","50001-DETAL DE SUPERMERCADO Y AUTOMERCADO","17","68,18","USD $","IVA1","UNI","Producto","","apto_con_mapeo"
"6427","957","YOGURT NATURAL CON CEREAL DE 160 ML.","50001-DETAL DE SUPERMERCADO Y AUTOMERCADO","6","0","USD $","IVA1","UNI","Producto","precio_venta_ausente_o_cero","revisar_antes_de_importar"
"6428","960","RODALS DE PIÑA EN ALMIBAR INOA DE 3.100 KG.","50001-DETAL DE SUPERMERCADO Y AUTOMERCADO","1","16.249,25","USD $","IVA1","UNI","Producto","","apto_con_mapeo"
"6429","965","DISCO DE TORTA Nº10","50001-DETAL DE SUPERMERCADO Y AUTOMERCADO","94","393,92","USD $","IVA1","UNI","Producto","","apto_con_mapeo"
"6430","966","JABON EN POLVO LIDER DE 20 KG.","50001-DETAL DE SUPERMERCADO Y AUTOMERCADO","120","4.242,23","USD $","IVA1","KG","Producto","","apto_con_mapeo"
"6431","96619274857","LECHE DE ALMENDRAS KIRKLAND DE 1 LT.","50001-DETAL DE SUPERMERCADO Y AUTOMERCADO","2","3.992,24","USD $","IVA1","UNI","Producto","","apto_con_mapeo"
"6432","970","CHOCRIZO COCIDO  CON AJO MEISTER DE 500 GR.","50001-DETAL DE SUPERMERCADO Y AUTOMERCADO","-2,65","11.741,88","USD $","IVA1","KG","Producto","existencia_negativa","revisar_antes_de_importar"
"6433","971","CHORIZO COCIDO ROJO MESITER","50001-DETAL DE SUPERMERCADO Y AUTOMERCADO","2,664","11.741,88","USD $","IVA1","KG","Producto","","apto_con_mapeo"
"6434","97537063318","PLATOS SELVA NØ 6 DE 10 UNDS.","50001-DETAL DE SUPERMERCADO Y AUTOMERCADO","-24","727,24","USD $","IVA1","UNI","Producto","existencia_negativa","revisar_antes_de_importar"
"6435","97537063325","PLATOS SELVA NØ 7 DE 10 UNDS.","50001-DETAL DE SUPERMERCADO Y AUTOMERCADO","-16","924,2","USD $","IVA1","UNI","Producto","existencia_negativa","revisar_antes_de_importar"
"6436","97537063332","PLATOS SELVA NØ 8 DE 10 UNDS.","50001-DETAL DE SUPERMERCADO Y AUTOMERCADO","-31","1.386,30","USD $","IVA1","UNI","Producto","existencia_negativa","revisar_antes_de_importar"
"6437","97537063370","PLATOS PLASTICOS DELI GRANDE 10 UND.","50001-DETAL DE SUPERMERCADO Y AUTOMERCADO","0","0,02","Bs.","IVA1","UNI","Producto","","apto_con_mapeo"
"6438","97537063417","PLATOS SELVA DELI  NØ 5 10 UND.","50001-DETAL DE SUPERMERCADO Y AUTOMERCADO","-19","462,1","USD $","IVA1","UNI","Producto","existencia_negativa","revisar_antes_de_importar"
"6439","97537070019","CUCHARITAS SELVA  25 UND","50001-DETAL DE SUPERMERCADO Y AUTOMERCADO","7","696,94","USD $","IVA1","UNI","Producto","","apto_con_mapeo"
"6440","97537072044","CUCHARAS SELVA DE 20 UNIDADES","50001-DETAL DE SUPERMERCADO Y AUTOMERCADO","0","0","Bs.","IVA1","UNI","Producto","precio_venta_ausente_o_cero","revisar_antes_de_importar"
"6441","979","ARROZ INFLADO MACORNA DE CHOCOLATE DE 500 GR.","50001-DETAL DE SUPERMERCADO Y AUTOMERCADO","7","11.855,51","USD $","IVA1","UNI","Producto","","apto_con_mapeo"
"6442","980","CEREAL CUBIERTO DE CHOCOLATE TIPO BOLERO DE 1 KG.","50001-DETAL DE SUPERMERCADO Y AUTOMERCADO","2","12.870,61","USD $","IVA1","UNI","Producto","codigo_duplicado","revisar_antes_de_importar"
"6443","981","CHOCOLATE BLANCO THEOBROMA INDUSTRIAL DE 1 KG.","50001-DETAL DE SUPERMERCADO Y AUTOMERCADO","0","10.454,06","USD $","IVA1","UNI","Producto","","apto_con_mapeo"
"6444","982","CHOCOLATE DE LECHE THEOBROMA INDUSTRIAL DE 1 KG","50001-DETAL DE SUPERMERCADO Y AUTOMERCADO","17","12.741,83","USD $","IVA1","UNI","Producto","","apto_con_mapeo"
"6445","983","CHOCOLATE DE LECHE COLONIA INDUSTRIAL DE 1 KG","50001-DETAL DE SUPERMERCADO Y AUTOMERCADO","0","11.355,53","USD $","IVA1","UNI","Producto","","apto_con_mapeo"
"6446","984","CHOCOLATE BLANCO LA COLONIA DE 1 KG.","50001-DETAL DE SUPERMERCADO Y AUTOMERCADO","0","11.075,24","USD $","IVA1","UNI","Producto","","apto_con_mapeo"
"6447","985","CHOCOLATE THEOBROMA BITTER DE 1 KILO","50001-DETAL DE SUPERMERCADO Y AUTOMERCADO","9","12.741,83","USD $","IVA1","UNI","Producto","","apto_con_mapeo"
"6448","987","PAPAEL PARA ENVOLVER","50001-DETAL DE SUPERMERCADO Y AUTOMERCADO","12","16.476,51","USD $","IVA1","UNI","Producto","","apto_con_mapeo"
"6449","988","MERMELADA DE FRESA INPA DE 3KG","50001-DETAL DE SUPERMERCADO Y AUTOMERCADO","4","19.173,35","USD $","IVA1","UNI","Producto","","apto_con_mapeo"
"6450","989","MERMELADA DE DURAZNO INPA DE 3 KG.","50001-DETAL DE SUPERMERCADO Y AUTOMERCADO","3","14.915,97","USD $","IVA1","UNI","Producto","","apto_con_mapeo"
"6451","990","MERMELADA DE PIÑA INPA DE 3 KG.","50001-DETAL DE SUPERMERCADO Y AUTOMERCADO","2","14.915,97","USD $","IVA1","UNI","Producto","","apto_con_mapeo"
"6452","991","MERMELADA DE MANZANA INPA DE 3 KG.","50001-DETAL DE SUPERMERCADO Y AUTOMERCADO","4","19.173,35","USD $","IVA1","UNI","Producto","codigo_duplicado","revisar_antes_de_importar"
"6453","99176922247","JABON PROTEX FRESH DE 110 GR.","50001-DETAL DE SUPERMERCADO Y AUTOMERCADO","0","1.106,01","USD $","IVA1","UNI","Producto","","apto_con_mapeo"
"6454","99176922346","JABON DE AVENA PROTEX DE 110 GR.","50001-DETAL DE SUPERMERCADO Y AUTOMERCADO","2","1.477,20","USD $","IVA1","UNI","Producto","","apto_con_mapeo"
"6455","99176922384","JABON PROTEX ALOE DE 110 GR.","50001-DETAL DE SUPERMERCADO Y AUTOMERCADO","2","1.590,84","USD $","IVA1","UNI","Producto","","apto_con_mapeo"
"6456","99176922643","JABON PROTEX SPORTS DE 110 GR.","50001-DETAL DE SUPERMERCADO Y AUTOMERCADO","10","1.590,84","USD $","IVA1","UNI","Producto","","apto_con_mapeo"
"6457","99176922650","JABON PROTEX MEN 3 PACK DE 110 GR.","50001-DETAL DE SUPERMERCADO Y AUTOMERCADO","0","3.901,33","USD $","IVA1","UNI","Producto","","apto_con_mapeo"
"6458","992","MERMELADA DE GUANABANA INPA DE 3 KG.","50001-DETAL DE SUPERMERCADO Y AUTOMERCADO","3","19.173,35","USD $","IVA1","UNI","Producto","","apto_con_mapeo"
"6459","10","BOLSAS PLASTICAS GRANDES","50001-DETAL DE SUPERMERCADO Y AUTOMERCADO","-11","45,45","USD $","IVA1","UNI","Producto","codigo_duplicado|existencia_negativa","revisar_antes_de_importar"
"6460","1011","RACION DE SALSA ROSADA","50001-DETAL DE SUPERMERCADO Y AUTOMERCADO","-81","227,26","USD $","IVA1","UNI","Producto","existencia_negativa","revisar_antes_de_importar"
"6487","2020","HARINA DE TRIGO PANADERA LA LUCHA 45 KILOS","50001-DETAL DE SUPERMERCADO Y AUTOMERCADO","20","42.422,27","USD $","EXENTO","UNI","Producto","","apto_con_mapeo"
"6488","2021","VELAS BLANCAS PEQUEÑAS","50001-DETAL DE SUPERMERCADO Y AUTOMERCADO","217","265,14","USD $","IVA1","UNI","Producto","","apto_con_mapeo"
"6489","2022","VELAS BLANCAS MEDIANAS","50001-DETAL DE SUPERMERCADO Y AUTOMERCADO","-216","333,32","USD $","IVA1","UNI","Producto","existencia_negativa","revisar_antes_de_importar"
"6490","2023","VELA BLANCA GRANDE","50001-DETAL DE SUPERMERCADO Y AUTOMERCADO","156","401,5","USD $","IVA1","UNI","Producto","","apto_con_mapeo"
"6491","21151393","HEAD SHOULDERS 180 ML","50001-DETAL DE SUPERMERCADO Y AUTOMERCADO","1","6.257,29","USD $","IVA1","UNI","Producto","","apto_con_mapeo"
"6503","36825967","JUGO SOL AMADO DE PERA DE 300 ML.","50001-DETAL DE SUPERMERCADO Y AUTOMERCADO","-1","499,98","USD $","IVA1","UNI","Producto","existencia_negativa","revisar_antes_de_importar"
"6505","38378270","JUGO SOL AMADO DE MANZANA DE 330 ML.","50001-DETAL DE SUPERMERCADO Y AUTOMERCADO","2","499,98","USD $","IVA1","UNI","Producto","","apto_con_mapeo"
"6550","56001150","PINTAROLAS PASTILLAS DECHOCOLATE DE LECHE  DE 22G","50001-DETAL DE SUPERMERCADO Y AUTOMERCADO","0","0","Bs.","IVA1","UNI","Producto","precio_venta_ausente_o_cero","revisar_antes_de_importar"
"6562","60017451","DESODORANTE REXONA CABALLERO DE 50 ML","50001-DETAL DE SUPERMERCADO Y AUTOMERCADO","0","643,91","USD $","IVA1","UNI","Producto","","apto_con_mapeo"
"6563","60097842","DESODORANTE REXONA MUSK DE 50 ML","50001-DETAL DE SUPERMERCADO Y AUTOMERCADO","0","643,91","USD $","IVA1","UNI","Producto","","apto_con_mapeo"
"6564","60097989","DESODORANTE REXONA SURE DE DAMA DE 50 ML","50001-DETAL DE SUPERMERCADO Y AUTOMERCADO","7","643,91","USD $","IVA1","UNI","Producto","","apto_con_mapeo"
"6565","60099099","DESODORANTE REXONA DAMA  DE 50 ML","50001-DETAL DE SUPERMERCADO Y AUTOMERCADO","8","643,91","USD $","IVA1","UNI","Producto","","apto_con_mapeo"
"6807","75918729","MALTA MALTIN POLAR BOTELLA 250ML.","50005-DETAL DE BEBIDAS NO ALCOLICAS","141","787,84","USD $","IVA1","UNI","Producto","","apto_con_mapeo"
"6809","75920944","JUGO YUKERY DE PERA  BOTELLA 250CM","50005-DETAL DE BEBIDAS NO ALCOLICAS","39","1.121,16","USD $","IVA1","UNI","Producto","","apto_con_mapeo"
"6818","75910889","JUGO HUESITOS CON CALCIO NARANJA DE 200CM","50005-DETAL DE BEBIDAS NO ALCOLICAS","0","0","Bs.","IVA1","UNI","Producto","precio_venta_ausente_o_cero","revisar_antes_de_importar"
"6828","3116","MORTADELA DE POLLO ESPECIAL MAURO","50005-DETAL DE BEBIDAS NO ALCOLICAS","-19,134","2.098,39","USD $","EXENTO","KG","Producto","existencia_negativa","revisar_antes_de_importar"
"6834","99176480310","CREMA DENTAL COLAGTE TOTAL DE 75 ML.","50006-DETAL DE HIELO","0","2.999,86","USD $","IVA1","UNI","Producto","","apto_con_mapeo"
"6837","75970406","CHESTERFIELD BLUE 20","50007-DETAL DE CIGARRILLOS , TABACO, PICADURA","0","1.128,74","USD $","EXENTO","UNI","Producto","","apto_con_mapeo"
"6838","75930363","MARLBORO GOLD 20 UNID","50007-DETAL DE CIGARRILLOS , TABACO, PICADURA","-1","2.560,49","USD $","EXENTO","UNI","Producto","existencia_negativa","revisar_antes_de_importar"
"6840","75903206","CIGARRILLOS CONSUL 20 UNI","50007-DETAL DE CIGARRILLOS , TABACO, PICADURA","8","1.462,05","USD $","EXENTO","UNI","Producto","","apto_con_mapeo"
"6856","78011854","CHOCOLATE SAPITO 10 GR","50008-DETAL DE BOMBONES, CARAMELOS, CONFITERIA","2","265,14","USD $","IVA1","UNI","Producto","","apto_con_mapeo"
"6893","76840000760","TALENTI COLD BREW COFFEE 473 ML","50008-DETAL DE BOMBONES, CARAMELOS, CONFITERIA","0","7.143,61","USD $","IVA1","UNI","Producto","","apto_con_mapeo"
"6894","11","CARAMELOS DETALLADOS","50008-DETAL DE BOMBONES, CARAMELOS, CONFITERIA","-847","22,73","USD $","IVA1","UNI","Producto","codigo_duplicado|existencia_negativa","revisar_antes_de_importar"
"6917","215","CHUPETAS POR UNIDAD","50008-DETAL DE BOMBONES, CARAMELOS, CONFITERIA","-1508","196,96","USD $","IVA1","UNI","Producto","existencia_negativa","revisar_antes_de_importar"
"6918","841818","LIQUIDO CLEAN NORMAL COVERGIRL NØ 150 DE 30 ML","50076-OTRO TIPO DE COMERCIO AL DETAL NO ESPECIFICADO , KINCALLA","0","0,06","Bs.","IVA1","UNI","Producto","","apto_con_mapeo"
"6919","154","RECOLECTOR DE HECES","50076-OTRO TIPO DE COMERCIO AL DETAL NO ESPECIFICADO , KINCALLA","565","287,87","USD $","IVA1","UNI","Producto","codigo_duplicado","revisar_antes_de_importar"
"6920","25215961724","PILAS AAA MAXELL 2 UNIDADES","50076-OTRO TIPO DE COMERCIO AL DETAL NO ESPECIFICADO , KINCALLA","1","1.666,59","USD $","IVA1","UNI","Producto","","apto_con_mapeo"
"6921","275","LIGAS PARA CABELLO","50076-OTRO TIPO DE COMERCIO AL DETAL NO ESPECIFICADO , KINCALLA","0","0","Bs.","IVA1","UNI","Producto","precio_venta_ausente_o_cero","revisar_antes_de_importar"
"6922","41554294170","LAPIZ MECANICO NØ 610 MAYBELLINE DE 500MG","50076-OTRO TIPO DE COMERCIO AL DETAL NO ESPECIFICADO , KINCALLA","0","0,08","Bs.","IVA1","UNI","Producto","","apto_con_mapeo"
"6923","41554402421","SOMBRA NØ 120 EYESTUDIO MAYBELLINE DE 2.5 GR.","50076-OTRO TIPO DE COMERCIO AL DETAL NO ESPECIFICADO , KINCALLA","0","0,08","Bs.","IVA1","UNI","Producto","","apto_con_mapeo"
"6924","41554416923","LABIAL NØ 110 RADIANT BLOM MAYBELLINE DE 5.0 ML","50076-OTRO TIPO DE COMERCIO AL DETAL NO ESPECIFICADO , KINCALLA","0","0,06","Bs.","IVA1","UNI","Producto","","apto_con_mapeo"
"6925","41554417579","LABIAL NØ 035 LUXE IN LILAC MAYBELLINE DE 5.0 ML","50076-OTRO TIPO DE COMERCIO AL DETAL NO ESPECIFICADO , KINCALLA","0","0,06","Bs.","IVA1","UNI","Producto","","apto_con_mapeo"
"6926","4155441911","SOMBRA GEL COLOR TATTO NØ 85","50076-OTRO TIPO DE COMERCIO AL DETAL NO ESPECIFICADO , KINCALLA","0","0,08","Bs.","IVA1","UNI","Producto","","apto_con_mapeo"
"6927","41554419115","SOMBRA COLOR TATTO NØ 85 MAYBELLINE 4 GR.","50076-OTRO TIPO DE COMERCIO AL DETAL NO ESPECIFICADO , KINCALLA","0","0,06","Bs.","IVA1","UNI","Producto","","apto_con_mapeo"
"6928","41554434842","LAPIZ LASYING MAYBELLINE NØ 605 DE 1.1 G","50076-OTRO TIPO DE COMERCIO AL DETAL NO ESPECIFICADO , KINCALLA","0","0,08","Bs.","IVA1","UNI","Producto","","apto_con_mapeo"
"6929","41554436044","SOMBRA COLOR MOLTEN NØ306 DE 2.1 GR.MAYBELLINE","50076-OTRO TIPO DE COMERCIO AL DETAL NO ESPECIFICADO , KINCALLA","0","0,08","Bs.","IVA1","UNI","Producto","","apto_con_mapeo"
"6930","41554443486","MASCARA PUSH UP DRAMA NØ 306 MAYBELLINE 9.8 ML","50076-OTRO TIPO DE COMERCIO AL DETAL NO ESPECIFICADO , KINCALLA","0","0,1","Bs.","IVA1","UNI","Producto","","apto_con_mapeo"
"6931","41554454239","BROW DRAMA NØ 260 DE 2.8 GR. MAYBELLINE","50076-OTRO TIPO DE COMERCIO AL DETAL NO ESPECIFICADO , KINCALLA","0","0,06","Bs.","IVA1","UNI","Producto","","apto_con_mapeo"
"6932","41554454246","BROW DRAMA NØ 265 MAYBELLINE DE 2.8 GR.","50076-OTRO TIPO DE COMERCIO AL DETAL NO ESPECIFICADO , KINCALLA","0","0,08","Bs.","IVA1","UNI","Producto","","apto_con_mapeo"
"6933","41554457865","DREAM VELVET NØ 60 MAYBELLINE DE 30 ML","50076-OTRO TIPO DE COMERCIO AL DETAL NO ESPECIFICADO , KINCALLA","0","0,1","Bs.","IVA1","UNI","Producto","","apto_con_mapeo"
"6934","41554457872","DREAM VELVET NØ 70 MAYBELLINE DE 30 ML","50076-OTRO TIPO DE COMERCIO AL DETAL NO ESPECIFICADO , KINCALLA","0","0,1","Bs.","IVA1","UNI","Producto","","apto_con_mapeo"
"6935","41554460209","DELINEADOR CURVY NØ 310 MAYBELLINE DE 500MG.","50076-OTRO TIPO DE COMERCIO AL DETAL NO ESPECIFICADO , KINCALLA","0","0,08","Bs.","IVA1","UNI","Producto","","apto_con_mapeo"
"6936","41554460322","MASCARA VOLUMEN NØ 222 MAYBELLINE 9.5 ML","50076-OTRO TIPO DE COMERCIO AL DETAL NO ESPECIFICADO , KINCALLA","0","0,07","Bs.","IVA1","UNI","Producto","","apto_con_mapeo"
"6937","41554464221","LABIAL NØ 805 ORANGE DANGER MAYBELLINE DE 4.2 GR","50076-OTRO TIPO DE COMERCIO AL DETAL NO ESPECIFICADO , KINCALLA","0","0,06","Bs.","IVA1","UNI","Producto","","apto_con_mapeo"
"6938","41554464238","LABIAL DYNAMITEV RED NØ 800 MAYBELLINE 4.2 GR.","50076-OTRO TIPO DE COMERCIO AL DETAL NO ESPECIFICADO , KINCALLA","0","0,08","Bs.","IVA1","UNI","Producto","","apto_con_mapeo"
"6939","41554486612","BROW PRECISE VOLUMIZER NØ 265 MAYBELLINE DE 8 ML","50076-OTRO TIPO DE COMERCIO AL DETAL NO ESPECIFICADO , KINCALLA","0","0,08","Bs.","IVA1","UNI","Producto","","apto_con_mapeo"
"6940","41554488753","LABIAL NØ 815 REBEL PINK MAYBELLINE DE 4.2 GR","50076-OTRO TIPO DE COMERCIO AL DETAL NO ESPECIFICADO , KINCALLA","0","0,06","Bs.","IVA1","UNI","Producto","","apto_con_mapeo"
"6941","41554492675","SOMBRA NØ 130 MAYBELLINE DE 2.3 GR.","50076-OTRO TIPO DE COMERCIO AL DETAL NO ESPECIFICADO , KINCALLA","0","0,08","Bs.","IVA1","UNI","Producto","","apto_con_mapeo"
"6942","41554492705","SOMBRA NØ 160 MAYBELLINE DE 2.3 GR.","50076-OTRO TIPO DE COMERCIO AL DETAL NO ESPECIFICADO , KINCALLA","0","0,08","Bs.","IVA1","UNI","Producto","","apto_con_mapeo"
"6943","41554492736","SOMBRA NØ 190 MAYBELLINE 2.3 GR.","50076-OTRO TIPO DE COMERCIO AL DETAL NO ESPECIFICADO , KINCALLA","0","0,08","Bs.","IVA1","UNI","Producto","","apto_con_mapeo"
"6944","41554494525","COLOR CORRECTING NØ 200 DE 6 GR. MAYBELLINE","50076-OTRO TIPO DE COMERCIO AL DETAL NO ESPECIFICADO , KINCALLA","0","0,08","Bs.","IVA1","UNI","Producto","","apto_con_mapeo"
"6945","41554494532","COLOR CORRECTING NØ 300 MAYBELLINE 6 GR.","50076-OTRO TIPO DE COMERCIO AL DETAL NO ESPECIFICADO , KINCALLA","0","0,08","Bs.","IVA1","UNI","Producto","","apto_con_mapeo"
"6946","46200252696","BROW EASY NEGRO NØ 800 COVERGIRL DE 700ML.","50076-OTRO TIPO DE COMERCIO AL DETAL NO ESPECIFICADO , KINCALLA","0","0,08","Bs.","IVA1","UNI","Producto","","apto_con_mapeo"
"6947","46200252702","BROW EASY COVERGIRL MARON NØ 805 DE 700 MG.","50076-OTRO TIPO DE COMERCIO AL DETAL NO ESPECIFICADO , KINCALLA","0","0,08","Bs.","IVA1","UNI","Producto","","apto_con_mapeo"
"6949","71249168431","LABIAL NØ 423 PERPETUAL PEACH 2.5 G. LOREAL","50076-OTRO TIPO DE COMERCIO AL DETAL NO ESPECIFICADO , KINCALLA","0","0,08","Bs.","IVA1","UNI","Producto","","apto_con_mapeo"
"6950","71249168578","LABIAL NØ 138 FOREVER FUCHSIA 2.5 G. LOOREAL","50076-OTRO TIPO DE COMERCIO AL DETAL NO ESPECIFICADO , KINCALLA","0","0,08","Bs.","IVA1","UNI","Producto","","apto_con_mapeo"
"6951","71249207963","LEGLOSS NØ 162 DE 12 ML L OREAL","50076-OTRO TIPO DE COMERCIO AL DETAL NO ESPECIFICADO , KINCALLA","0","0,06","Bs.","IVA1","UNI","Producto","","apto_con_mapeo"
"6952","71249207970","LEGLOSS NØ 163 DE 12 ML. LOREAL","50076-OTRO TIPO DE COMERCIO AL DETAL NO ESPECIFICADO , KINCALLA","0","0,08","Bs.","IVA1","UNI","Producto","","apto_con_mapeo"
"6953","71249278826","BROW STYLIST SCULPTO 3 EN 1 1.38 GR. LOREAL NØ 355","50076-OTRO TIPO DE COMERCIO AL DETAL NO ESPECIFICADO , KINCALLA","0","0,07","Bs.","IVA1","UNI","Producto","","apto_con_mapeo"
"6954","71249278833","BROW STYLIST SCULPTO 3 EN 1 NØ 360 LOREAL","50076-OTRO TIPO DE COMERCIO AL DETAL NO ESPECIFICADO , KINCALLA","0","0,07","Bs.","IVA1","UNI","Producto","","apto_con_mapeo"
"6955","71249289778","POWDER EYELINER PEN NØ 701 LOREAL 900 MG.","50076-OTRO TIPO DE COMERCIO AL DETAL NO ESPECIFICADO , KINCALLA","0","0,06","Bs.","IVA1","UNI","Producto","","apto_con_mapeo"
"6956","71249314456","CUSHION LMI  LOREAL DE 14.8 GR. W8","50076-OTRO TIPO DE COMERCIO AL DETAL NO ESPECIFICADO , KINCALLA","0","0,08","Bs.","IVA1","UNI","Producto","","apto_con_mapeo"
"6957","71249316429","PRO- CONTOUR LOREAL NØ 814 DE 7 GR.","50076-OTRO TIPO DE COMERCIO AL DETAL NO ESPECIFICADO , KINCALLA","0","0,06","Bs.","IVA1","UNI","Producto","","apto_con_mapeo"
"6958","71249330265","MASCARA VOLUMINOUS 7.3 ML LOREAL NØ 300","50076-OTRO TIPO DE COMERCIO AL DETAL NO ESPECIFICADO , KINCALLA","0","0,08","Bs.","IVA1","UNI","Producto","","apto_con_mapeo"
"6959","71249336021","EYE SHADOW NØ 30 MISTRESS NOIR DE 1.7 ML LOREAL","50076-OTRO TIPO DE COMERCIO AL DETAL NO ESPECIFICADO , KINCALLA","0","0,07","Bs.","IVA1","UNI","Producto","","apto_con_mapeo"
"6960","71249336052","EYE SHADOW NØ 306 BRB BLUE DE 7.4 ML LOREAL","50076-OTRO TIPO DE COMERCIO AL DETAL NO ESPECIFICADO , KINCALLA","0","0,07","Bs.","IVA1","UNI","Producto","","apto_con_mapeo"
"6961","71249336076","EYE SHADOW NØ 309 MINT DETOX DE 1.7 ML LOREAL","50076-OTRO TIPO DE COMERCIO AL DETAL NO ESPECIFICADO , KINCALLA","0","0,07","Bs.","IVA1","UNI","Producto","","apto_con_mapeo"
"6962","71249336090","EYE SHADOW NØ 312 JET SET BLOND DE 7.4 ML LOREAL","50076-OTRO TIPO DE COMERCIO AL DETAL NO ESPECIFICADO , KINCALLA","0","0,07","Bs.","IVA1","UNI","Producto","","apto_con_mapeo"